ts,config,write_id,key,true_class,predicted_class,action,is_false,version_read,version_at_commit,classify_ms,escalated
0,no_gating,0,ship_date::the_API_migration::0,bootstrap,n/a,apply,False,0,1,0.0,False
1,no_gating,1,magnitude::the_budget::1,bootstrap,n/a,apply,False,0,1,0.0,False
2,no_gating,2,status::the_offline_mode::2,bootstrap,n/a,apply,False,0,1,0.0,False
3,no_gating,3,ship_date::the_onboarding_revamp::3,bootstrap,n/a,apply,False,0,1,0.0,False
4,no_gating,4,magnitude::the_marketing_spend::4,bootstrap,n/a,apply,False,0,1,0.0,False
5,no_gating,5,status::the_dark_mode_rollout::5,bootstrap,n/a,apply,False,0,1,0.0,False
6,no_gating,6,ship_date::the_partner_integration::6,bootstrap,n/a,apply,False,0,1,0.0,False
7,no_gating,7,magnitude::the_budget::7,bootstrap,n/a,apply,False,0,1,0.0,False
8,no_gating,8,status::Feature_X::8,bootstrap,n/a,apply,False,0,1,0.0,False
9,no_gating,9,ship_date::the_vendor_contract_renewal::9,bootstrap,n/a,apply,False,0,1,0.0,False
10,no_gating,10,magnitude::the_support_queue::10,bootstrap,n/a,apply,False,0,1,0.0,False
11,no_gating,11,status::the_referral_program::11,bootstrap,n/a,apply,False,0,1,0.0,False
12,no_gating,12,ship_date::the_beta_rollout::12,bootstrap,n/a,apply,False,0,1,0.0,False
13,no_gating,13,magnitude::the_budget::13,bootstrap,n/a,apply,False,0,1,0.0,False
14,no_gating,14,status::the_dark_mode_rollout::14,bootstrap,n/a,apply,False,0,1,0.0,False
15,no_gating,15,ship_date::the_partner_integration::15,bootstrap,n/a,apply,False,0,1,0.0,False
16,no_gating,16,magnitude::the_headcount_plan::16,bootstrap,n/a,apply,False,0,1,0.0,False
17,no_gating,17,status::the_export_tool::17,bootstrap,n/a,apply,False,0,1,0.0,False
18,no_gating,18,ship_date::the_vendor_contract_renewal::18,bootstrap,n/a,apply,False,0,1,0.0,False
19,no_gating,19,magnitude::the_storage_quota::19,bootstrap,n/a,apply,False,0,1,0.0,False
20,no_gating,20,status::the_dark_mode_rollout::20,bootstrap,n/a,apply,False,0,1,0.0,False
21,no_gating,21,ship_date::the_onboarding_revamp::21,bootstrap,n/a,apply,False,0,1,0.0,False
22,no_gating,22,magnitude::the_storage_quota::22,bootstrap,n/a,apply,False,0,1,0.0,False
23,no_gating,23,status::the_offline_mode::23,bootstrap,n/a,apply,False,0,1,0.0,False
24,no_gating,24,ship_date::the_beta_rollout::24,bootstrap,n/a,apply,False,0,1,0.0,False
25,no_gating,25,magnitude::the_infra_budget::25,bootstrap,n/a,apply,False,0,1,0.0,False
26,no_gating,26,status::the_audit_log_feature::26,bootstrap,n/a,apply,False,0,1,0.0,False
27,no_gating,27,ship_date::the_onboarding_revamp::27,bootstrap,n/a,apply,False,0,1,0.0,False
28,no_gating,28,magnitude::the_headcount_plan::28,bootstrap,n/a,apply,False,0,1,0.0,False
29,no_gating,29,status::the_dark_mode_rollout::29,bootstrap,n/a,apply,False,0,1,0.0,False
30,no_gating,30,ship_date::the_data_migration::30,bootstrap,n/a,apply,False,0,1,0.0,False
31,no_gating,31,magnitude::the_storage_quota::31,bootstrap,n/a,apply,False,0,1,0.0,False
32,no_gating,32,status::the_dark_mode_rollout::32,bootstrap,n/a,apply,False,0,1,0.0,False
33,no_gating,33,ship_date::the_data_migration::33,bootstrap,n/a,apply,False,0,1,0.0,False
34,no_gating,34,magnitude::the_infra_budget::34,bootstrap,n/a,apply,False,0,1,0.0,False
35,no_gating,35,status::the_offline_mode::35,bootstrap,n/a,apply,False,0,1,0.0,False
36,no_gating,36,ship_date::the_Q3_roadmap_review::36,bootstrap,n/a,apply,False,0,1,0.0,False
37,no_gating,37,magnitude::the_storage_quota::37,bootstrap,n/a,apply,False,0,1,0.0,False
38,no_gating,38,status::the_offline_mode::38,bootstrap,n/a,apply,False,0,1,0.0,False
39,no_gating,39,ship_date::the_partner_integration::39,bootstrap,n/a,apply,False,0,1,0.0,False
40,no_gating,40,status::the_offline_mode::2,duplicate,n/a,apply,False,1,2,0.0,False
41,no_gating,41,status::the_offline_mode::38,duplicate,n/a,apply,False,1,2,0.0,False
42,no_gating,42,ship_date::the_data_migration::33,contradiction,n/a,apply,True,1,2,0.0,False
43,no_gating,43,ship_date::the_beta_rollout::12,refinement,n/a,apply,False,1,2,0.0,False
44,no_gating,44,status::the_dark_mode_rollout::32,refinement,n/a,apply,False,1,2,0.0,False
45,no_gating,45,ship_date::the_onboarding_revamp::27,refinement,n/a,apply,False,1,2,0.0,False
46,no_gating,46,ship_date::the_vendor_contract_renewal::18,contradiction,n/a,apply,True,1,2,0.0,False
47,no_gating,47,ship_date::the_partner_integration::6,refinement,n/a,apply,False,1,2,0.0,False
48,no_gating,48,status::the_dark_mode_rollout::32,update,n/a,apply,False,2,3,0.0,False
49,no_gating,49,status::the_referral_program::11,contradiction,n/a,apply,True,1,2,0.0,False
50,no_gating,50,ship_date::the_data_migration::30,contradiction,n/a,apply,True,1,2,0.0,False
51,no_gating,51,magnitude::the_storage_quota::31,update,n/a,apply,False,1,2,0.0,False
52,no_gating,52,status::the_audit_log_feature::26,update,n/a,apply,False,1,2,0.0,False
53,no_gating,53,status::the_dark_mode_rollout::5,contradiction,n/a,apply,True,1,2,0.0,False
54,no_gating,54,magnitude::the_storage_quota::37,duplicate,n/a,apply,False,1,2,0.0,False
55,no_gating,55,status::the_dark_mode_rollout::5,refinement,n/a,apply,False,2,3,0.0,False
56,no_gating,56,magnitude::the_budget::7,duplicate,n/a,apply,False,1,2,0.0,False
57,no_gating,57,magnitude::the_infra_budget::34,update,n/a,apply,False,1,2,0.0,False
58,no_gating,58,magnitude::the_storage_quota::22,update,n/a,apply,False,1,2,0.0,False
59,no_gating,59,ship_date::the_Q3_roadmap_review::36,update,n/a,apply,False,1,2,0.0,False
60,no_gating,60,status::Feature_X::8,update,n/a,apply,False,1,2,0.0,False
61,no_gating,61,status::Feature_X::8,refinement,n/a,apply,False,2,3,0.0,False
62,no_gating,62,status::the_dark_mode_rollout::32,contradiction,n/a,apply,True,3,4,0.0,False
63,no_gating,63,status::the_audit_log_feature::26,duplicate,n/a,apply,False,2,3,0.0,False
64,no_gating,64,status::Feature_X::8,update,n/a,apply,False,3,4,0.0,False
65,no_gating,65,magnitude::the_storage_quota::19,contradiction,n/a,apply,True,1,2,0.0,False
66,no_gating,66,ship_date::the_vendor_contract_renewal::9,refinement,n/a,apply,False,1,2,0.0,False
67,no_gating,67,ship_date::the_API_migration::0,duplicate,n/a,apply,False,1,2,0.0,False
68,no_gating,68,ship_date::the_beta_rollout::24,contradiction,n/a,apply,True,1,2,0.0,False
69,no_gating,69,magnitude::the_storage_quota::22,duplicate,n/a,apply,False,2,3,0.0,False
70,no_gating,70,magnitude::the_budget::1,update,n/a,apply,True,1,2,0.0,False
71,no_gating,71,magnitude::the_storage_quota::19,refinement,n/a,apply,False,2,3,0.0,False
72,no_gating,72,magnitude::the_storage_quota::31,contradiction,n/a,apply,True,2,3,0.0,False
73,no_gating,73,magnitude::the_support_queue::10,refinement,n/a,apply,False,1,2,0.0,False
74,no_gating,74,ship_date::the_onboarding_revamp::27,refinement,n/a,apply,False,2,3,0.0,False
75,no_gating,75,status::the_dark_mode_rollout::14,refinement,n/a,apply,False,1,2,0.0,False
76,no_gating,76,magnitude::the_infra_budget::25,duplicate,n/a,apply,False,1,2,0.0,False
77,no_gating,77,status::the_referral_program::11,duplicate,n/a,apply,False,2,3,0.0,False
78,no_gating,78,magnitude::the_infra_budget::34,duplicate,n/a,apply,False,2,3,0.0,False
79,no_gating,79,ship_date::the_onboarding_revamp::3,contradiction,n/a,apply,True,1,2,0.0,False
80,no_gating,80,ship_date::the_beta_rollout::12,contradiction,n/a,apply,True,2,3,0.0,False
81,no_gating,81,magnitude::the_budget::1,update,n/a,apply,False,2,3,0.0,False
82,no_gating,82,ship_date::the_data_migration::33,duplicate,n/a,apply,False,2,3,0.0,False
83,no_gating,83,status::Feature_X::8,contradiction,n/a,apply,True,4,5,0.0,False
84,no_gating,84,status::the_referral_program::11,duplicate,n/a,apply,False,3,4,0.0,False
85,no_gating,85,ship_date::the_onboarding_revamp::27,refinement,n/a,apply,False,3,4,0.0,False
86,no_gating,86,ship_date::the_beta_rollout::24,contradiction,n/a,apply,True,2,3,0.0,False
87,no_gating,87,status::the_referral_program::11,duplicate,n/a,apply,False,4,5,0.0,False
88,no_gating,88,magnitude::the_storage_quota::31,duplicate,n/a,apply,False,3,4,0.0,False
89,no_gating,89,status::the_audit_log_feature::26,contradiction,n/a,apply,True,3,4,0.0,False
90,no_gating,90,status::the_referral_program::11,duplicate,n/a,apply,False,5,6,0.0,False
91,no_gating,91,ship_date::the_data_migration::30,refinement,n/a,apply,False,2,3,0.0,False
92,no_gating,92,ship_date::the_data_migration::33,refinement,n/a,apply,False,3,4,0.0,False
93,no_gating,93,magnitude::the_budget::13,update,n/a,apply,False,1,2,0.0,False
94,no_gating,94,ship_date::the_onboarding_revamp::21,contradiction,n/a,apply,True,1,2,0.0,False
95,no_gating,95,status::the_referral_program::11,refinement,n/a,apply,False,6,7,0.0,False
96,no_gating,96,magnitude::the_support_queue::10,refinement,n/a,apply,False,2,3,0.0,False
97,no_gating,97,magnitude::the_infra_budget::34,update,n/a,apply,False,3,4,0.0,False
98,no_gating,98,status::the_offline_mode::35,update,n/a,apply,False,1,2,0.0,False
99,no_gating,99,ship_date::the_Q3_roadmap_review::36,update,n/a,apply,False,2,3,0.0,False
100,no_gating,100,status::Feature_X::8,update,n/a,apply,False,5,6,0.0,False
101,no_gating,101,ship_date::the_onboarding_revamp::27,duplicate,n/a,apply,False,4,5,0.0,False
102,no_gating,102,ship_date::the_onboarding_revamp::3,duplicate,n/a,apply,False,2,3,0.0,False
103,no_gating,103,status::the_referral_program::11,update,n/a,apply,False,7,8,0.0,False
104,no_gating,104,status::the_dark_mode_rollout::20,duplicate,n/a,apply,False,1,2,0.0,False
105,no_gating,105,magnitude::the_marketing_spend::4,duplicate,n/a,apply,False,1,2,0.0,False
106,no_gating,106,status::the_dark_mode_rollout::20,duplicate,n/a,apply,False,2,3,0.0,False
107,no_gating,107,magnitude::the_headcount_plan::16,duplicate,n/a,apply,False,1,2,0.0,False
108,no_gating,108,status::the_audit_log_feature::26,duplicate,n/a,apply,False,4,5,0.0,False
109,no_gating,109,magnitude::the_headcount_plan::16,contradiction,n/a,apply,True,2,3,0.0,False
110,no_gating,110,ship_date::the_onboarding_revamp::3,contradiction,n/a,apply,True,3,4,0.0,False
111,no_gating,111,magnitude::the_storage_quota::19,duplicate,n/a,apply,False,3,4,0.0,False
112,no_gating,112,status::the_offline_mode::35,duplicate,n/a,apply,False,2,3,0.0,False
113,no_gating,113,magnitude::the_storage_quota::22,refinement,n/a,apply,False,3,4,0.0,False
114,no_gating,114,ship_date::the_partner_integration::39,refinement,n/a,apply,True,1,2,0.0,False
115,no_gating,115,magnitude::the_budget::13,refinement,n/a,apply,False,2,3,0.0,False
116,no_gating,116,magnitude::the_budget::7,refinement,n/a,apply,False,2,3,0.0,False
117,no_gating,117,magnitude::the_headcount_plan::16,contradiction,n/a,apply,True,3,4,0.0,False
118,no_gating,118,magnitude::the_storage_quota::22,duplicate,n/a,apply,False,4,5,0.0,False
119,no_gating,119,ship_date::the_onboarding_revamp::27,duplicate,n/a,apply,False,5,6,0.0,False
120,no_gating,120,ship_date::the_vendor_contract_renewal::18,contradiction,n/a,apply,True,2,3,0.0,False
121,no_gating,121,magnitude::the_budget::7,refinement,n/a,apply,False,3,4,0.0,False
122,no_gating,122,magnitude::the_storage_quota::37,refinement,n/a,apply,False,2,3,0.0,False
123,no_gating,123,ship_date::the_onboarding_revamp::21,refinement,n/a,apply,False,2,3,0.0,False
124,no_gating,124,magnitude::the_budget::7,duplicate,n/a,apply,False,4,5,0.0,False
125,no_gating,125,magnitude::the_budget::7,duplicate,n/a,apply,False,5,6,0.0,False
126,no_gating,126,status::Feature_X::8,duplicate,n/a,apply,False,6,7,0.0,False
127,no_gating,127,status::the_offline_mode::38,refinement,n/a,apply,False,2,3,0.0,False
128,no_gating,128,magnitude::the_budget::1,update,n/a,apply,False,3,4,0.0,False
129,no_gating,129,ship_date::the_beta_rollout::24,refinement,n/a,apply,False,3,4,0.0,False
130,no_gating,130,status::the_dark_mode_rollout::14,update,n/a,apply,False,2,3,0.0,False
131,no_gating,131,magnitude::the_budget::1,duplicate,n/a,apply,False,4,5,0.0,False
132,no_gating,132,magnitude::the_infra_budget::34,update,n/a,apply,False,4,5,0.0,False
133,no_gating,133,ship_date::the_vendor_contract_renewal::9,contradiction,n/a,apply,True,2,3,0.0,False
134,no_gating,134,status::the_export_tool::17,duplicate,n/a,apply,False,1,2,0.0,False
135,no_gating,135,status::the_audit_log_feature::26,refinement,n/a,apply,False,5,6,0.0,False
136,no_gating,136,magnitude::the_storage_quota::37,refinement,n/a,apply,True,3,4,0.0,False
137,no_gating,137,status::the_dark_mode_rollout::32,refinement,n/a,apply,False,4,5,0.0,False
138,no_gating,138,ship_date::the_data_migration::33,refinement,n/a,apply,False,4,5,0.0,False
139,no_gating,139,ship_date::the_API_migration::0,refinement,n/a,apply,False,2,3,0.0,False
140,no_gating,140,ship_date::the_onboarding_revamp::3,duplicate,n/a,apply,False,4,5,0.0,False
141,no_gating,141,status::the_dark_mode_rollout::32,contradiction,n/a,apply,True,5,6,0.0,False
142,no_gating,142,magnitude::the_infra_budget::25,contradiction,n/a,apply,True,2,3,0.0,False
143,no_gating,143,status::the_dark_mode_rollout::14,contradiction,n/a,apply,True,3,4,0.0,False
144,no_gating,144,status::the_export_tool::17,refinement,n/a,apply,False,2,3,0.0,False
145,no_gating,145,magnitude::the_storage_quota::22,duplicate,n/a,apply,False,5,6,0.0,False
146,no_gating,146,status::the_dark_mode_rollout::29,refinement,n/a,apply,False,1,2,0.0,False
147,no_gating,147,magnitude::the_storage_quota::37,refinement,n/a,apply,False,4,5,0.0,False
148,no_gating,148,status::the_audit_log_feature::26,duplicate,n/a,apply,False,6,7,0.0,False
149,no_gating,149,ship_date::the_API_migration::0,duplicate,n/a,apply,False,3,4,0.0,False
150,no_gating,150,ship_date::the_data_migration::33,contradiction,n/a,apply,True,5,6,0.0,False
151,no_gating,151,status::the_offline_mode::2,refinement,n/a,apply,False,2,3,0.0,False
152,no_gating,152,status::the_offline_mode::23,duplicate,n/a,apply,False,1,2,0.0,False
153,no_gating,153,magnitude::the_headcount_plan::16,refinement,n/a,apply,False,4,5,0.0,False
154,no_gating,154,magnitude::the_budget::1,update,n/a,apply,False,5,6,0.0,False
155,no_gating,155,magnitude::the_storage_quota::37,update,n/a,apply,False,5,6,0.0,False
156,no_gating,156,ship_date::the_beta_rollout::24,contradiction,n/a,apply,True,4,5,0.0,False
157,no_gating,157,ship_date::the_data_migration::33,contradiction,n/a,apply,True,6,7,0.0,False
158,no_gating,158,status::the_dark_mode_rollout::32,update,n/a,apply,False,6,7,0.0,False
159,no_gating,159,ship_date::the_beta_rollout::24,duplicate,n/a,apply,False,5,6,0.0,False
160,no_gating,160,magnitude::the_headcount_plan::16,refinement,n/a,apply,False,5,6,0.0,False
161,no_gating,161,ship_date::the_beta_rollout::12,update,n/a,apply,False,3,4,0.0,False
162,no_gating,162,ship_date::the_vendor_contract_renewal::18,duplicate,n/a,apply,False,3,4,0.0,False
163,no_gating,163,ship_date::the_beta_rollout::24,refinement,n/a,apply,False,6,7,0.0,False
164,no_gating,164,ship_date::the_API_migration::0,update,n/a,apply,False,4,5,0.0,False
165,no_gating,165,ship_date::the_onboarding_revamp::27,refinement,n/a,apply,False,6,7,0.0,False
166,no_gating,166,magnitude::the_infra_budget::34,update,n/a,apply,False,5,6,0.0,False
167,no_gating,167,status::the_dark_mode_rollout::20,duplicate,n/a,apply,False,3,4,0.0,False
168,no_gating,168,magnitude::the_support_queue::10,refinement,n/a,apply,True,3,4,0.0,False
169,no_gating,169,ship_date::the_API_migration::0,refinement,n/a,apply,False,5,6,0.0,False
170,no_gating,170,magnitude::the_storage_quota::19,duplicate,n/a,apply,False,4,5,0.0,False
171,no_gating,171,ship_date::the_vendor_contract_renewal::9,duplicate,n/a,apply,False,3,4,0.0,False
172,no_gating,172,ship_date::the_partner_integration::15,refinement,n/a,apply,False,1,2,0.0,False
173,no_gating,173,magnitude::the_storage_quota::31,contradiction,n/a,apply,True,4,5,0.0,False
174,no_gating,174,magnitude::the_marketing_spend::4,contradiction,n/a,apply,True,2,3,0.0,False
175,no_gating,175,magnitude::the_storage_quota::19,duplicate,n/a,apply,False,5,6,0.0,False
176,no_gating,176,magnitude::the_storage_quota::22,update,n/a,apply,False,6,7,0.0,False
177,no_gating,177,ship_date::the_data_migration::33,duplicate,n/a,apply,False,7,8,0.0,False
178,no_gating,178,magnitude::the_storage_quota::22,duplicate,n/a,apply,False,7,8,0.0,False
179,no_gating,179,status::the_dark_mode_rollout::29,update,n/a,apply,False,2,3,0.0,False
180,no_gating,180,magnitude::the_marketing_spend::4,refinement,n/a,apply,False,3,4,0.0,False
181,no_gating,181,magnitude::the_storage_quota::31,duplicate,n/a,apply,False,5,6,0.0,False
182,no_gating,182,magnitude::the_headcount_plan::16,update,n/a,apply,False,6,7,0.0,False
183,no_gating,183,ship_date::the_onboarding_revamp::27,duplicate,n/a,apply,False,7,8,0.0,False
184,no_gating,184,ship_date::the_onboarding_revamp::21,refinement,n/a,apply,False,3,4,0.0,False
185,no_gating,185,magnitude::the_storage_quota::31,contradiction,n/a,apply,True,6,7,0.0,False
186,no_gating,186,ship_date::the_beta_rollout::12,refinement,n/a,apply,False,4,5,0.0,False
187,no_gating,187,magnitude::the_storage_quota::22,duplicate,n/a,apply,False,8,9,0.0,False
188,no_gating,188,magnitude::the_storage_quota::22,update,n/a,apply,False,9,10,0.0,False
189,no_gating,189,magnitude::the_budget::13,refinement,n/a,apply,False,3,4,0.0,False
190,no_gating,190,status::Feature_X::8,update,n/a,apply,False,7,8,0.0,False
191,no_gating,191,magnitude::the_budget::7,refinement,n/a,apply,False,6,7,0.0,False
192,no_gating,192,magnitude::the_headcount_plan::28,update,n/a,apply,False,1,2,0.0,False
193,no_gating,193,status::the_dark_mode_rollout::14,update,n/a,apply,False,4,5,0.0,False
194,no_gating,194,magnitude::the_budget::7,duplicate,n/a,apply,False,7,8,0.0,False
195,no_gating,195,ship_date::the_Q3_roadmap_review::36,duplicate,n/a,apply,False,3,4,0.0,False
196,no_gating,196,magnitude::the_infra_budget::25,refinement,n/a,apply,False,3,4,0.0,False
197,no_gating,197,ship_date::the_onboarding_revamp::21,refinement,n/a,apply,False,4,5,0.0,False
198,no_gating,198,magnitude::the_storage_quota::31,refinement,n/a,apply,False,7,8,0.0,False
199,no_gating,199,magnitude::the_infra_budget::34,update,n/a,apply,False,6,7,0.0,False
200,no_gating,200,ship_date::the_onboarding_revamp::21,refinement,n/a,apply,True,5,6,0.0,False
201,no_gating,201,ship_date::the_API_migration::0,update,n/a,apply,False,6,7,0.0,False
202,no_gating,202,ship_date::the_onboarding_revamp::21,duplicate,n/a,apply,False,6,7,0.0,False
203,no_gating,203,ship_date::the_partner_integration::39,refinement,n/a,apply,False,2,3,0.0,False
204,no_gating,204,ship_date::the_data_migration::30,update,n/a,apply,False,3,4,0.0,False
205,no_gating,205,status::the_offline_mode::2,refinement,n/a,apply,False,3,4,0.0,False
206,no_gating,206,status::the_export_tool::17,update,n/a,apply,False,3,4,0.0,False
207,no_gating,207,status::the_dark_mode_rollout::29,update,n/a,apply,False,3,4,0.0,False
208,no_gating,208,status::the_offline_mode::23,update,n/a,apply,True,2,3,0.0,False
209,no_gating,209,magnitude::the_infra_budget::34,update,n/a,apply,False,7,8,0.0,False
210,no_gating,210,status::the_dark_mode_rollout::14,duplicate,n/a,apply,False,5,6,0.0,False
211,no_gating,211,magnitude::the_budget::13,contradiction,n/a,apply,True,4,5,0.0,False
212,no_gating,212,magnitude::the_storage_quota::19,update,n/a,apply,True,6,7,0.0,False
213,no_gating,213,magnitude::the_storage_quota::37,update,n/a,apply,False,6,7,0.0,False
214,no_gating,214,status::the_audit_log_feature::26,duplicate,n/a,apply,False,7,8,0.0,False
215,no_gating,215,status::the_offline_mode::35,duplicate,n/a,apply,False,3,4,0.0,False
216,no_gating,216,status::the_dark_mode_rollout::14,update,n/a,apply,False,6,7,0.0,False
217,no_gating,217,ship_date::the_onboarding_revamp::21,contradiction,n/a,apply,True,7,8,0.0,False
218,no_gating,218,status::the_offline_mode::38,refinement,n/a,apply,False,3,4,0.0,False
219,no_gating,219,status::the_dark_mode_rollout::20,refinement,n/a,apply,False,4,5,0.0,False
220,no_gating,220,magnitude::the_storage_quota::31,duplicate,n/a,apply,False,8,9,0.0,False
221,no_gating,221,ship_date::the_data_migration::30,duplicate,n/a,apply,False,4,5,0.0,False
222,no_gating,222,magnitude::the_headcount_plan::16,update,n/a,apply,False,7,8,0.0,False
223,no_gating,223,status::the_export_tool::17,duplicate,n/a,apply,False,4,5,0.0,False
224,no_gating,224,magnitude::the_infra_budget::25,refinement,n/a,apply,False,4,5,0.0,False
225,no_gating,225,status::the_audit_log_feature::26,refinement,n/a,apply,False,8,9,0.0,False
226,no_gating,226,status::the_dark_mode_rollout::32,update,n/a,apply,False,7,8,0.0,False
227,no_gating,227,magnitude::the_storage_quota::19,update,n/a,apply,False,7,8,0.0,False
228,no_gating,228,status::the_dark_mode_rollout::32,duplicate,n/a,apply,False,8,9,0.0,False
229,no_gating,229,status::the_offline_mode::38,contradiction,n/a,apply,True,4,5,0.0,False
230,no_gating,230,status::the_dark_mode_rollout::20,refinement,n/a,apply,False,5,6,0.0,False
231,no_gating,231,magnitude::the_marketing_spend::4,refinement,n/a,apply,False,4,5,0.0,False
232,no_gating,232,status::the_referral_program::11,contradiction,n/a,apply,True,8,9,0.0,False
233,no_gating,233,ship_date::the_data_migration::33,update,n/a,apply,False,8,9,0.0,False
234,no_gating,234,status::the_offline_mode::38,update,n/a,apply,False,5,6,0.0,False
235,no_gating,235,ship_date::the_partner_integration::15,duplicate,n/a,apply,False,2,3,0.0,False
236,no_gating,236,status::the_dark_mode_rollout::32,duplicate,n/a,apply,False,9,10,0.0,False
237,no_gating,237,status::Feature_X::8,contradiction,n/a,apply,True,8,9,0.0,False
238,no_gating,238,status::the_export_tool::17,refinement,n/a,apply,False,5,6,0.0,False
239,no_gating,239,status::Feature_X::8,update,n/a,apply,False,9,10,0.0,False
240,no_gating,240,status::the_dark_mode_rollout::20,update,n/a,apply,False,6,7,0.0,False
241,no_gating,241,magnitude::the_infra_budget::34,update,n/a,apply,False,8,9,0.0,False
242,no_gating,242,status::the_offline_mode::38,duplicate,n/a,apply,False,6,7,0.0,False
243,no_gating,243,ship_date::the_vendor_contract_renewal::9,refinement,n/a,apply,False,4,5,0.0,False
244,no_gating,244,ship_date::the_Q3_roadmap_review::36,duplicate,n/a,apply,False,4,5,0.0,False
245,no_gating,245,status::the_offline_mode::2,duplicate,n/a,apply,False,4,5,0.0,False
246,no_gating,246,magnitude::the_storage_quota::19,duplicate,n/a,apply,False,8,9,0.0,False
247,no_gating,247,status::the_referral_program::11,contradiction,n/a,apply,True,9,10,0.0,False
248,no_gating,248,magnitude::the_infra_budget::34,duplicate,n/a,apply,False,9,10,0.0,False
249,no_gating,249,status::Feature_X::8,update,n/a,apply,False,10,11,0.0,False
250,no_gating,250,ship_date::the_onboarding_revamp::3,duplicate,n/a,apply,False,5,6,0.0,False
251,no_gating,251,ship_date::the_vendor_contract_renewal::9,update,n/a,apply,False,5,6,0.0,False
252,no_gating,252,magnitude::the_infra_budget::34,refinement,n/a,apply,False,10,11,0.0,False
253,no_gating,253,status::the_dark_mode_rollout::32,refinement,n/a,apply,False,10,11,0.0,False
254,no_gating,254,status::the_dark_mode_rollout::29,refinement,n/a,apply,False,4,5,0.0,False
255,no_gating,255,status::the_dark_mode_rollout::20,refinement,n/a,apply,False,7,8,0.0,False
256,no_gating,256,ship_date::the_data_migration::30,refinement,n/a,apply,True,5,6,0.0,False
257,no_gating,257,magnitude::the_headcount_plan::16,refinement,n/a,apply,False,8,9,0.0,False
258,no_gating,258,status::the_dark_mode_rollout::32,duplicate,n/a,apply,False,11,12,0.0,False
259,no_gating,259,status::the_dark_mode_rollout::5,duplicate,n/a,apply,False,3,4,0.0,False
260,no_gating,260,ship_date::the_onboarding_revamp::27,refinement,n/a,apply,False,8,9,0.0,False
261,no_gating,261,ship_date::the_partner_integration::15,update,n/a,apply,False,3,4,0.0,False
262,no_gating,262,magnitude::the_support_queue::10,duplicate,n/a,apply,False,4,5,0.0,False
263,no_gating,263,ship_date::the_onboarding_revamp::27,refinement,n/a,apply,False,9,10,0.0,False
264,no_gating,264,status::the_offline_mode::23,refinement,n/a,apply,False,3,4,0.0,False
265,no_gating,265,magnitude::the_headcount_plan::28,contradiction,n/a,apply,True,2,3,0.0,False
266,no_gating,266,status::the_dark_mode_rollout::5,update,n/a,apply,False,4,5,0.0,False
267,no_gating,267,ship_date::the_beta_rollout::12,duplicate,n/a,apply,False,5,6,0.0,False
268,no_gating,268,status::the_dark_mode_rollout::5,duplicate,n/a,apply,False,5,6,0.0,False
269,no_gating,269,ship_date::the_partner_integration::39,refinement,n/a,apply,False,3,4,0.0,False
270,no_gating,270,magnitude::the_budget::13,duplicate,n/a,apply,False,5,6,0.0,False
271,no_gating,271,ship_date::the_beta_rollout::12,update,n/a,apply,False,6,7,0.0,False
272,no_gating,272,ship_date::the_vendor_contract_renewal::9,duplicate,n/a,apply,False,6,7,0.0,False
273,no_gating,273,status::the_export_tool::17,update,n/a,apply,False,6,7,0.0,False
274,no_gating,274,ship_date::the_API_migration::0,refinement,n/a,apply,False,7,8,0.0,False
275,no_gating,275,status::the_export_tool::17,refinement,n/a,apply,False,7,8,0.0,False
276,no_gating,276,status::Feature_X::8,refinement,n/a,apply,False,11,12,0.0,False
277,no_gating,277,status::the_dark_mode_rollout::14,duplicate,n/a,apply,False,7,8,0.0,False
278,no_gating,278,status::the_dark_mode_rollout::29,contradiction,n/a,apply,True,5,6,0.0,False
279,no_gating,279,magnitude::the_storage_quota::37,refinement,n/a,apply,True,7,8,0.0,False
280,no_gating,280,status::the_dark_mode_rollout::20,update,n/a,apply,False,8,9,0.0,False
281,no_gating,281,status::the_dark_mode_rollout::5,contradiction,n/a,apply,True,6,7,0.0,False
282,no_gating,282,magnitude::the_storage_quota::22,refinement,n/a,apply,False,10,11,0.0,False
283,no_gating,283,ship_date::the_data_migration::33,update,n/a,apply,False,9,10,0.0,False
284,no_gating,284,status::the_dark_mode_rollout::5,duplicate,n/a,apply,False,7,8,0.0,False
285,no_gating,285,magnitude::the_marketing_spend::4,refinement,n/a,apply,False,5,6,0.0,False
286,no_gating,286,ship_date::the_partner_integration::6,refinement,n/a,apply,False,2,3,0.0,False
287,no_gating,287,ship_date::the_Q3_roadmap_review::36,update,n/a,apply,False,5,6,0.0,False
288,no_gating,288,magnitude::the_budget::1,refinement,n/a,apply,False,6,7,0.0,False
289,no_gating,289,magnitude::the_budget::1,refinement,n/a,apply,False,7,8,0.0,False
290,no_gating,290,magnitude::the_infra_budget::34,duplicate,n/a,apply,False,11,12,0.0,False
291,no_gating,291,magnitude::the_budget::1,contradiction,n/a,apply,True,8,9,0.0,False
292,no_gating,292,magnitude::the_marketing_spend::4,update,n/a,apply,False,6,7,0.0,False
293,no_gating,293,ship_date::the_onboarding_revamp::21,duplicate,n/a,apply,False,8,9,0.0,False
294,no_gating,294,magnitude::the_storage_quota::19,update,n/a,apply,False,9,10,0.0,False
295,no_gating,295,status::the_dark_mode_rollout::29,refinement,n/a,apply,False,6,7,0.0,False
296,no_gating,296,status::the_dark_mode_rollout::32,refinement,n/a,apply,False,12,13,0.0,False
297,no_gating,297,status::the_offline_mode::2,refinement,n/a,apply,False,5,6,0.0,False
298,no_gating,298,magnitude::the_headcount_plan::28,refinement,n/a,apply,False,3,4,0.0,False
299,no_gating,299,ship_date::the_data_migration::30,duplicate,n/a,apply,False,6,7,0.0,False
300,no_gating,300,ship_date::the_data_migration::30,refinement,n/a,apply,False,7,8,0.0,False
301,no_gating,301,magnitude::the_budget::13,refinement,n/a,apply,False,6,7,0.0,False
302,no_gating,302,status::the_dark_mode_rollout::29,duplicate,n/a,apply,False,7,8,0.0,False
303,no_gating,303,ship_date::the_vendor_contract_renewal::18,update,n/a,apply,False,4,5,0.0,False
304,no_gating,304,ship_date::the_onboarding_revamp::27,refinement,n/a,apply,False,10,11,0.0,False
305,no_gating,305,magnitude::the_storage_quota::22,refinement,n/a,apply,False,11,12,0.0,False
306,no_gating,306,ship_date::the_data_migration::33,refinement,n/a,apply,False,10,11,0.0,False
307,no_gating,307,magnitude::the_budget::13,refinement,n/a,apply,False,7,8,0.0,False
308,no_gating,308,status::the_dark_mode_rollout::29,refinement,n/a,apply,False,8,9,0.0,False
309,no_gating,309,ship_date::the_partner_integration::6,duplicate,n/a,apply,False,3,4,0.0,False
310,no_gating,310,status::the_audit_log_feature::26,update,n/a,apply,False,9,10,0.0,False
311,no_gating,311,ship_date::the_beta_rollout::12,duplicate,n/a,apply,False,7,8,0.0,False
312,no_gating,312,magnitude::the_support_queue::10,duplicate,n/a,apply,False,5,6,0.0,False
313,no_gating,313,status::the_offline_mode::23,refinement,n/a,apply,True,4,5,0.0,False
314,no_gating,314,status::the_offline_mode::2,duplicate,n/a,apply,False,6,7,0.0,False
315,no_gating,315,status::the_offline_mode::35,duplicate,n/a,apply,False,4,5,0.0,False
316,no_gating,316,magnitude::the_headcount_plan::28,duplicate,n/a,apply,False,4,5,0.0,False
317,no_gating,317,status::the_offline_mode::2,refinement,n/a,apply,False,7,8,0.0,False
318,no_gating,318,status::the_dark_mode_rollout::29,contradiction,n/a,apply,True,9,10,0.0,False
319,no_gating,319,status::the_dark_mode_rollout::32,update,n/a,apply,False,13,14,0.0,False
320,no_gating,320,ship_date::the_beta_rollout::12,duplicate,n/a,apply,False,8,9,0.0,False
321,no_gating,321,ship_date::the_data_migration::30,update,n/a,apply,True,8,9,0.0,False
322,no_gating,322,magnitude::the_marketing_spend::4,duplicate,n/a,apply,False,7,8,0.0,False
323,no_gating,323,ship_date::the_API_migration::0,duplicate,n/a,apply,False,8,9,0.0,False
324,no_gating,324,status::the_offline_mode::2,duplicate,n/a,apply,False,8,9,0.0,False
325,no_gating,325,magnitude::the_headcount_plan::16,refinement,n/a,apply,True,9,10,0.0,False
326,no_gating,326,magnitude::the_support_queue::10,update,n/a,apply,False,6,7,0.0,False
327,no_gating,327,ship_date::the_partner_integration::15,refinement,n/a,apply,False,4,5,0.0,False
328,no_gating,328,magnitude::the_storage_quota::22,duplicate,n/a,apply,False,12,13,0.0,False
329,no_gating,329,magnitude::the_infra_budget::25,duplicate,n/a,apply,False,5,6,0.0,False
330,no_gating,330,ship_date::the_partner_integration::15,refinement,n/a,apply,True,5,6,0.0,False
331,no_gating,331,status::the_dark_mode_rollout::5,refinement,n/a,apply,False,8,9,0.0,False
332,no_gating,332,magnitude::the_support_queue::10,update,n/a,apply,False,7,8,0.0,False
333,no_gating,333,ship_date::the_onboarding_revamp::21,duplicate,n/a,apply,False,9,10,0.0,False
334,no_gating,334,magnitude::the_support_queue::10,refinement,n/a,apply,False,8,9,0.0,False
335,no_gating,335,magnitude::the_marketing_spend::4,duplicate,n/a,apply,False,8,9,0.0,False
336,no_gating,336,status::Feature_X::8,update,n/a,apply,False,12,13,0.0,False
337,no_gating,337,ship_date::the_data_migration::33,refinement,n/a,apply,False,11,12,0.0,False
338,no_gating,338,ship_date::the_data_migration::30,update,n/a,apply,False,9,10,0.0,False
339,no_gating,339,status::the_dark_mode_rollout::20,update,n/a,apply,False,9,10,0.0,False
340,no_gating,340,status::Feature_X::8,refinement,n/a,apply,True,13,14,0.0,False
341,no_gating,341,magnitude::the_storage_quota::31,refinement,n/a,apply,False,9,10,0.0,False
342,no_gating,342,ship_date::the_onboarding_revamp::21,update,n/a,apply,False,10,11,0.0,False
343,no_gating,343,magnitude::the_storage_quota::37,duplicate,n/a,apply,False,8,9,0.0,False
344,no_gating,344,magnitude::the_headcount_plan::16,duplicate,n/a,apply,False,10,11,0.0,False
345,no_gating,345,ship_date::the_beta_rollout::24,duplicate,n/a,apply,False,7,8,0.0,False
346,no_gating,346,magnitude::the_storage_quota::19,contradiction,n/a,apply,True,10,11,0.0,False
347,no_gating,347,ship_date::the_Q3_roadmap_review::36,update,n/a,apply,False,6,7,0.0,False
348,no_gating,348,magnitude::the_budget::1,refinement,n/a,apply,False,9,10,0.0,False
349,no_gating,349,status::the_dark_mode_rollout::29,update,n/a,apply,False,10,11,0.0,False
350,no_gating,350,ship_date::the_data_migration::30,duplicate,n/a,apply,False,10,11,0.0,False
351,no_gating,351,magnitude::the_support_queue::10,update,n/a,apply,False,9,10,0.0,False
352,no_gating,352,ship_date::the_data_migration::30,contradiction,n/a,apply,True,11,12,0.0,False
353,no_gating,353,ship_date::the_API_migration::0,duplicate,n/a,apply,False,9,10,0.0,False
354,no_gating,354,magnitude::the_storage_quota::19,update,n/a,apply,False,11,12,0.0,False
355,no_gating,355,status::the_offline_mode::38,duplicate,n/a,apply,False,7,8,0.0,False
356,no_gating,356,ship_date::the_vendor_contract_renewal::9,duplicate,n/a,apply,False,7,8,0.0,False
357,no_gating,357,ship_date::the_API_migration::0,refinement,n/a,apply,False,10,11,0.0,False
358,no_gating,358,status::the_dark_mode_rollout::14,duplicate,n/a,apply,False,8,9,0.0,False
359,no_gating,359,magnitude::the_headcount_plan::28,update,n/a,apply,False,5,6,0.0,False
360,no_gating,360,status::the_export_tool::17,refinement,n/a,apply,False,8,9,0.0,False
361,no_gating,361,magnitude::the_storage_quota::19,refinement,n/a,apply,False,12,13,0.0,False
362,no_gating,362,status::the_audit_log_feature::26,update,n/a,apply,False,10,11,0.0,False
363,no_gating,363,magnitude::the_support_queue::10,contradiction,n/a,apply,True,10,11,0.0,False
364,no_gating,364,magnitude::the_budget::1,update,n/a,apply,False,10,11,0.0,False
365,no_gating,365,magnitude::the_infra_budget::25,duplicate,n/a,apply,False,6,7,0.0,False
366,no_gating,366,status::the_dark_mode_rollout::20,duplicate,n/a,apply,False,10,11,0.0,False
367,no_gating,367,ship_date::the_partner_integration::6,duplicate,n/a,apply,False,4,5,0.0,False
368,no_gating,368,status::Feature_X::8,duplicate,n/a,apply,False,14,15,0.0,False
369,no_gating,369,magnitude::the_infra_budget::34,update,n/a,apply,False,12,13,0.0,False
370,no_gating,370,magnitude::the_infra_budget::34,refinement,n/a,apply,False,13,14,0.0,False
371,no_gating,371,magnitude::the_headcount_plan::16,refinement,n/a,apply,False,11,12,0.0,False
372,no_gating,372,ship_date::the_partner_integration::15,contradiction,n/a,apply,True,6,7,0.0,False
373,no_gating,373,status::the_offline_mode::2,refinement,n/a,apply,False,9,10,0.0,False
374,no_gating,374,magnitude::the_storage_quota::19,update,n/a,apply,False,13,14,0.0,False
375,no_gating,375,status::Feature_X::8,update,n/a,apply,False,15,16,0.0,False
376,no_gating,376,magnitude::the_storage_quota::31,refinement,n/a,apply,False,10,11,0.0,False
377,no_gating,377,status::the_offline_mode::2,update,n/a,apply,False,10,11,0.0,False
378,no_gating,378,status::the_offline_mode::35,refinement,n/a,apply,False,5,6,0.0,False
379,no_gating,379,magnitude::the_infra_budget::34,refinement,n/a,apply,False,14,15,0.0,False
380,no_gating,380,status::the_dark_mode_rollout::32,contradiction,n/a,apply,True,14,15,0.0,False
381,no_gating,381,ship_date::the_partner_integration::39,duplicate,n/a,apply,False,4,5,0.0,False
382,no_gating,382,magnitude::the_storage_quota::22,refinement,n/a,apply,False,13,14,0.0,False
383,no_gating,383,ship_date::the_API_migration::0,refinement,n/a,apply,False,11,12,0.0,False
384,no_gating,384,ship_date::the_partner_integration::39,refinement,n/a,apply,False,5,6,0.0,False
385,no_gating,385,ship_date::the_partner_integration::15,refinement,n/a,apply,False,7,8,0.0,False
386,no_gating,386,magnitude::the_budget::1,refinement,n/a,apply,False,11,12,0.0,False
387,no_gating,387,magnitude::the_storage_quota::31,duplicate,n/a,apply,False,11,12,0.0,False
388,no_gating,388,ship_date::the_data_migration::30,update,n/a,apply,False,12,13,0.0,False
389,no_gating,389,ship_date::the_beta_rollout::12,refinement,n/a,apply,False,9,10,0.0,False
390,no_gating,390,ship_date::the_partner_integration::6,refinement,n/a,apply,False,5,6,0.0,False
391,no_gating,391,status::the_dark_mode_rollout::29,refinement,n/a,apply,False,11,12,0.0,False
392,no_gating,392,ship_date::the_partner_integration::6,update,n/a,apply,False,6,7,0.0,False
393,no_gating,393,ship_date::the_API_migration::0,refinement,n/a,apply,False,12,13,0.0,False
394,no_gating,394,ship_date::the_onboarding_revamp::21,duplicate,n/a,apply,False,11,12,0.0,False
395,no_gating,395,status::the_dark_mode_rollout::29,update,n/a,apply,False,12,13,0.0,False
396,no_gating,396,ship_date::the_partner_integration::6,duplicate,n/a,apply,False,7,8,0.0,False
397,no_gating,397,ship_date::the_beta_rollout::12,update,n/a,apply,False,10,11,0.0,False
398,no_gating,398,ship_date::the_onboarding_revamp::21,contradiction,n/a,apply,True,12,13,0.0,False
399,no_gating,399,status::the_dark_mode_rollout::5,duplicate,n/a,apply,False,9,10,0.0,False
400,no_gating,400,ship_date::the_vendor_contract_renewal::9,refinement,n/a,apply,False,8,9,0.0,False
401,no_gating,401,ship_date::the_partner_integration::6,contradiction,n/a,apply,True,8,9,0.0,False
402,no_gating,402,ship_date::the_onboarding_revamp::27,update,n/a,apply,False,11,12,0.0,False
403,no_gating,403,status::the_dark_mode_rollout::29,duplicate,n/a,apply,False,13,14,0.0,False
404,no_gating,404,magnitude::the_marketing_spend::4,refinement,n/a,apply,False,9,10,0.0,False
405,no_gating,405,ship_date::the_data_migration::30,duplicate,n/a,apply,False,13,14,0.0,False
406,no_gating,406,ship_date::the_partner_integration::6,refinement,n/a,apply,False,9,10,0.0,False
407,no_gating,407,ship_date::the_onboarding_revamp::27,refinement,n/a,apply,False,12,13,0.0,False
408,no_gating,408,magnitude::the_infra_budget::34,duplicate,n/a,apply,False,15,16,0.0,False
409,no_gating,409,ship_date::the_onboarding_revamp::27,refinement,n/a,apply,False,13,14,0.0,False
410,no_gating,410,ship_date::the_API_migration::0,contradiction,n/a,apply,True,13,14,0.0,False
411,no_gating,411,magnitude::the_storage_quota::19,update,n/a,apply,False,14,15,0.0,False
412,no_gating,412,ship_date::the_partner_integration::6,refinement,n/a,apply,False,10,11,0.0,False
413,no_gating,413,magnitude::the_marketing_spend::4,refinement,n/a,apply,False,10,11,0.0,False
414,no_gating,414,ship_date::the_Q3_roadmap_review::36,update,n/a,apply,False,7,8,0.0,False
415,no_gating,415,ship_date::the_partner_integration::39,refinement,n/a,apply,False,6,7,0.0,False
416,no_gating,416,status::the_offline_mode::38,refinement,n/a,apply,False,8,9,0.0,False
417,no_gating,417,magnitude::the_headcount_plan::16,refinement,n/a,apply,True,12,13,0.0,False
418,no_gating,418,status::the_dark_mode_rollout::29,duplicate,n/a,apply,False,14,15,0.0,False
419,no_gating,419,magnitude::the_headcount_plan::16,duplicate,n/a,apply,False,13,14,0.0,False
420,no_gating,420,magnitude::the_storage_quota::37,duplicate,n/a,apply,False,9,10,0.0,False
421,no_gating,421,magnitude::the_storage_quota::22,refinement,n/a,apply,False,14,15,0.0,False
422,no_gating,422,magnitude::the_headcount_plan::16,refinement,n/a,apply,False,14,15,0.0,False
423,no_gating,423,ship_date::the_partner_integration::15,contradiction,n/a,apply,True,8,9,0.0,False
424,no_gating,424,status::the_offline_mode::38,contradiction,n/a,apply,True,9,10,0.0,False
425,no_gating,425,status::the_dark_mode_rollout::20,refinement,n/a,apply,False,11,12,0.0,False
426,no_gating,426,magnitude::the_budget::7,contradiction,n/a,apply,True,8,9,0.0,False
427,no_gating,427,ship_date::the_onboarding_revamp::27,refinement,n/a,apply,False,14,15,0.0,False
428,no_gating,428,ship_date::the_partner_integration::6,update,n/a,apply,False,11,12,0.0,False
429,no_gating,429,magnitude::the_headcount_plan::28,update,n/a,apply,False,6,7,0.0,False
430,no_gating,430,ship_date::the_API_migration::0,refinement,n/a,apply,False,14,15,0.0,False
431,no_gating,431,magnitude::the_storage_quota::22,refinement,n/a,apply,False,15,16,0.0,False
432,no_gating,432,ship_date::the_API_migration::0,update,n/a,apply,False,15,16,0.0,False
433,no_gating,433,magnitude::the_budget::1,duplicate,n/a,apply,False,12,13,0.0,False
434,no_gating,434,ship_date::the_vendor_contract_renewal::18,contradiction,n/a,apply,True,5,6,0.0,False
435,no_gating,435,ship_date::the_onboarding_revamp::3,contradiction,n/a,apply,True,6,7,0.0,False
436,no_gating,436,ship_date::the_onboarding_revamp::27,update,n/a,apply,False,15,16,0.0,False
437,no_gating,437,magnitude::the_headcount_plan::16,contradiction,n/a,apply,True,15,16,0.0,False
438,no_gating,438,ship_date::the_onboarding_revamp::3,duplicate,n/a,apply,False,7,8,0.0,False
439,no_gating,439,status::the_referral_program::11,duplicate,n/a,apply,False,10,11,0.0,False
440,no_gating,440,status::the_offline_mode::23,duplicate,n/a,apply,False,5,6,0.0,False
441,no_gating,441,ship_date::the_partner_integration::39,contradiction,n/a,apply,True,7,8,0.0,False
442,no_gating,442,ship_date::the_partner_integration::39,refinement,n/a,apply,False,8,9,0.0,False
443,no_gating,443,ship_date::the_onboarding_revamp::3,update,n/a,apply,False,8,9,0.0,False
444,no_gating,444,status::the_dark_mode_rollout::14,contradiction,n/a,apply,True,9,10,0.0,False
445,no_gating,445,magnitude::the_marketing_spend::4,duplicate,n/a,apply,False,11,12,0.0,False
446,no_gating,446,magnitude::the_marketing_spend::4,contradiction,n/a,apply,True,12,13,0.0,False
447,no_gating,447,ship_date::the_beta_rollout::24,contradiction,n/a,apply,True,8,9,0.0,False
448,no_gating,448,status::the_offline_mode::35,duplicate,n/a,apply,False,6,7,0.0,False
449,no_gating,449,ship_date::the_vendor_contract_renewal::18,update,n/a,apply,False,6,7,0.0,False
450,no_gating,450,magnitude::the_headcount_plan::28,refinement,n/a,apply,False,7,8,0.0,False
451,no_gating,451,magnitude::the_storage_quota::19,duplicate,n/a,apply,False,15,16,0.0,False
452,no_gating,452,magnitude::the_infra_budget::34,duplicate,n/a,apply,False,16,17,0.0,False
453,no_gating,453,magnitude::the_infra_budget::25,duplicate,n/a,apply,False,7,8,0.0,False
454,no_gating,454,magnitude::the_marketing_spend::4,update,n/a,apply,False,13,14,0.0,False
455,no_gating,455,ship_date::the_data_migration::30,refinement,n/a,apply,False,14,15,0.0,False
456,no_gating,456,ship_date::the_API_migration::0,update,n/a,apply,False,16,17,0.0,False
457,no_gating,457,ship_date::the_onboarding_revamp::27,update,n/a,apply,False,16,17,0.0,False
458,no_gating,458,ship_date::the_partner_integration::39,refinement,n/a,apply,False,9,10,0.0,False
459,no_gating,459,ship_date::the_vendor_contract_renewal::18,refinement,n/a,apply,True,7,8,0.0,False
460,no_gating,460,ship_date::the_beta_rollout::24,duplicate,n/a,apply,False,9,10,0.0,False
461,no_gating,461,magnitude::the_infra_budget::25,duplicate,n/a,apply,False,8,9,0.0,False
462,no_gating,462,ship_date::the_API_migration::0,contradiction,n/a,apply,True,17,18,0.0,False
463,no_gating,463,status::the_dark_mode_rollout::5,refinement,n/a,apply,False,10,11,0.0,False
464,no_gating,464,ship_date::the_onboarding_revamp::21,duplicate,n/a,apply,False,13,14,0.0,False
465,no_gating,465,magnitude::the_storage_quota::19,duplicate,n/a,apply,False,16,17,0.0,False
466,no_gating,466,magnitude::the_budget::7,refinement,n/a,apply,False,9,10,0.0,False
467,no_gating,467,status::the_dark_mode_rollout::14,duplicate,n/a,apply,False,10,11,0.0,False
468,no_gating,468,magnitude::the_storage_quota::22,refinement,n/a,apply,False,16,17,0.0,False
469,no_gating,469,magnitude::the_support_queue::10,contradiction,n/a,apply,True,11,12,0.0,False
470,no_gating,470,magnitude::the_headcount_plan::16,duplicate,n/a,apply,False,16,17,0.0,False
471,no_gating,471,ship_date::the_beta_rollout::24,update,n/a,apply,False,10,11,0.0,False
472,no_gating,472,ship_date::the_beta_rollout::12,refinement,n/a,apply,False,11,12,0.0,False
473,no_gating,473,status::the_offline_mode::23,duplicate,n/a,apply,False,6,7,0.0,False
474,no_gating,474,status::the_offline_mode::38,refinement,n/a,apply,False,10,11,0.0,False
475,no_gating,475,magnitude::the_infra_budget::34,contradiction,n/a,apply,True,17,18,0.0,False
476,no_gating,476,magnitude::the_storage_quota::22,contradiction,n/a,apply,True,17,18,0.0,False
477,no_gating,477,status::the_export_tool::17,contradiction,n/a,apply,True,9,10,0.0,False
478,no_gating,478,status::the_offline_mode::2,refinement,n/a,apply,False,11,12,0.0,False
479,no_gating,479,status::the_dark_mode_rollout::29,duplicate,n/a,apply,False,15,16,0.0,False
480,no_gating,480,ship_date::the_partner_integration::6,refinement,n/a,apply,False,12,13,0.0,False
481,no_gating,481,status::the_audit_log_feature::26,duplicate,n/a,apply,False,11,12,0.0,False
482,no_gating,482,status::the_dark_mode_rollout::20,duplicate,n/a,apply,False,12,13,0.0,False
483,no_gating,483,status::Feature_X::8,duplicate,n/a,apply,False,16,17,0.0,False
484,no_gating,484,ship_date::the_onboarding_revamp::3,contradiction,n/a,apply,True,9,10,0.0,False
485,no_gating,485,ship_date::the_onboarding_revamp::27,duplicate,n/a,apply,False,17,18,0.0,False
486,no_gating,486,ship_date::the_beta_rollout::12,duplicate,n/a,apply,False,12,13,0.0,False
487,no_gating,487,magnitude::the_infra_budget::34,update,n/a,apply,True,18,19,0.0,False
488,no_gating,488,status::the_dark_mode_rollout::20,duplicate,n/a,apply,False,13,14,0.0,False
489,no_gating,489,magnitude::the_storage_quota::31,duplicate,n/a,apply,False,12,13,0.0,False
490,no_gating,490,status::the_audit_log_feature::26,contradiction,n/a,apply,True,12,13,0.0,False
491,no_gating,491,magnitude::the_infra_budget::34,update,n/a,apply,False,19,20,0.0,False
492,no_gating,492,ship_date::the_Q3_roadmap_review::36,duplicate,n/a,apply,False,8,9,0.0,False
493,no_gating,493,magnitude::the_storage_quota::31,update,n/a,apply,False,13,14,0.0,False
494,no_gating,494,ship_date::the_onboarding_revamp::21,update,n/a,apply,False,14,15,0.0,False
495,no_gating,495,magnitude::the_headcount_plan::16,refinement,n/a,apply,False,17,18,0.0,False
496,no_gating,496,magnitude::the_infra_budget::25,refinement,n/a,apply,False,9,10,0.0,False
497,no_gating,497,magnitude::the_budget::1,update,n/a,apply,False,13,14,0.0,False
498,no_gating,498,status::the_offline_mode::38,duplicate,n/a,apply,False,11,12,0.0,False
499,no_gating,499,ship_date::the_vendor_contract_renewal::9,duplicate,n/a,apply,False,9,10,0.0,False
500,no_gating,500,ship_date::the_data_migration::30,contradiction,n/a,apply,True,15,16,0.0,False
501,no_gating,501,magnitude::the_storage_quota::22,duplicate,n/a,apply,False,18,19,0.0,False
502,no_gating,502,magnitude::the_headcount_plan::16,contradiction,n/a,apply,True,18,19,0.0,False
503,no_gating,503,status::the_dark_mode_rollout::14,duplicate,n/a,apply,False,11,12,0.0,False
504,no_gating,504,status::the_export_tool::17,update,n/a,apply,False,10,11,0.0,False
505,no_gating,505,ship_date::the_API_migration::0,refinement,n/a,apply,False,18,19,0.0,False
506,no_gating,506,ship_date::the_data_migration::33,update,n/a,apply,False,12,13,0.0,False
507,no_gating,507,status::Feature_X::8,refinement,n/a,apply,False,17,18,0.0,False
508,no_gating,508,magnitude::the_storage_quota::19,update,n/a,apply,False,17,18,0.0,False
509,no_gating,509,ship_date::the_onboarding_revamp::27,refinement,n/a,apply,False,18,19,0.0,False
510,no_gating,510,ship_date::the_beta_rollout::12,refinement,n/a,apply,True,13,14,0.0,False
511,no_gating,511,magnitude::the_budget::13,update,n/a,apply,False,8,9,0.0,False
512,no_gating,512,magnitude::the_storage_quota::31,refinement,n/a,apply,False,14,15,0.0,False
513,no_gating,513,ship_date::the_partner_integration::15,refinement,n/a,apply,False,9,10,0.0,False
514,no_gating,514,ship_date::the_onboarding_revamp::21,update,n/a,apply,False,15,16,0.0,False
515,no_gating,515,status::the_referral_program::11,update,n/a,apply,True,11,12,0.0,False
516,no_gating,516,status::the_dark_mode_rollout::14,duplicate,n/a,apply,False,12,13,0.0,False
517,no_gating,517,ship_date::the_partner_integration::39,contradiction,n/a,apply,True,10,11,0.0,False
518,no_gating,518,status::the_dark_mode_rollout::29,refinement,n/a,apply,True,16,17,0.0,False
519,no_gating,519,ship_date::the_vendor_contract_renewal::18,duplicate,n/a,apply,False,8,9,0.0,False
520,no_gating,520,status::the_offline_mode::2,update,n/a,apply,False,12,13,0.0,False
521,no_gating,521,status::the_dark_mode_rollout::29,contradiction,n/a,apply,True,17,18,0.0,False
522,no_gating,522,magnitude::the_marketing_spend::4,refinement,n/a,apply,False,14,15,0.0,False
523,no_gating,523,status::the_dark_mode_rollout::32,contradiction,n/a,apply,True,15,16,0.0,False
524,no_gating,524,status::the_dark_mode_rollout::20,refinement,n/a,apply,False,14,15,0.0,False
525,no_gating,525,status::the_export_tool::17,duplicate,n/a,apply,False,11,12,0.0,False
526,no_gating,526,ship_date::the_onboarding_revamp::3,duplicate,n/a,apply,False,10,11,0.0,False
527,no_gating,527,status::Feature_X::8,refinement,n/a,apply,False,18,19,0.0,False
528,no_gating,528,ship_date::the_Q3_roadmap_review::36,refinement,n/a,apply,False,9,10,0.0,False
529,no_gating,529,magnitude::the_headcount_plan::16,contradiction,n/a,apply,True,19,20,0.0,False
530,no_gating,530,ship_date::the_API_migration::0,update,n/a,apply,False,19,20,0.0,False
531,no_gating,531,status::the_export_tool::17,refinement,n/a,apply,False,12,13,0.0,False
532,no_gating,532,ship_date::the_data_migration::33,duplicate,n/a,apply,False,13,14,0.0,False
533,no_gating,533,magnitude::the_marketing_spend::4,update,n/a,apply,False,15,16,0.0,False
534,no_gating,534,status::the_export_tool::17,duplicate,n/a,apply,False,13,14,0.0,False
535,no_gating,535,status::the_referral_program::11,refinement,n/a,apply,False,12,13,0.0,False
536,no_gating,536,status::the_offline_mode::23,duplicate,n/a,apply,False,7,8,0.0,False
537,no_gating,537,status::the_offline_mode::35,refinement,n/a,apply,False,7,8,0.0,False
538,no_gating,538,ship_date::the_API_migration::0,update,n/a,apply,True,20,21,0.0,False
539,no_gating,539,status::the_offline_mode::2,contradiction,n/a,apply,True,13,14,0.0,False
540,no_gating,540,status::Feature_X::8,update,n/a,apply,True,19,20,0.0,False
541,no_gating,541,magnitude::the_budget::1,refinement,n/a,apply,False,14,15,0.0,False
542,no_gating,542,ship_date::the_onboarding_revamp::3,duplicate,n/a,apply,False,11,12,0.0,False
543,no_gating,543,status::the_offline_mode::38,duplicate,n/a,apply,False,12,13,0.0,False
544,no_gating,544,ship_date::the_beta_rollout::12,duplicate,n/a,apply,False,14,15,0.0,False
545,no_gating,545,status::the_offline_mode::2,contradiction,n/a,apply,True,14,15,0.0,False
546,no_gating,546,status::the_offline_mode::2,refinement,n/a,apply,False,15,16,0.0,False
547,no_gating,547,status::the_dark_mode_rollout::32,refinement,n/a,apply,False,16,17,0.0,False
548,no_gating,548,ship_date::the_partner_integration::6,update,n/a,apply,False,13,14,0.0,False
549,no_gating,549,magnitude::the_marketing_spend::4,refinement,n/a,apply,False,16,17,0.0,False
550,no_gating,550,ship_date::the_partner_integration::15,refinement,n/a,apply,False,10,11,0.0,False
551,no_gating,551,status::the_referral_program::11,duplicate,n/a,apply,False,13,14,0.0,False
552,no_gating,552,status::the_dark_mode_rollout::32,duplicate,n/a,apply,False,17,18,0.0,False
553,no_gating,553,status::the_offline_mode::2,duplicate,n/a,apply,False,16,17,0.0,False
554,no_gating,554,magnitude::the_storage_quota::19,duplicate,n/a,apply,False,18,19,0.0,False
555,no_gating,555,magnitude::the_budget::13,duplicate,n/a,apply,False,9,10,0.0,False
556,no_gating,556,ship_date::the_API_migration::0,duplicate,n/a,apply,False,21,22,0.0,False
557,no_gating,557,ship_date::the_beta_rollout::24,refinement,n/a,apply,False,11,12,0.0,False
558,no_gating,558,status::the_dark_mode_rollout::5,refinement,n/a,apply,False,11,12,0.0,False
559,no_gating,559,ship_date::the_onboarding_revamp::21,refinement,n/a,apply,False,16,17,0.0,False
560,no_gating,560,magnitude::the_storage_quota::37,duplicate,n/a,apply,False,10,11,0.0,False
561,no_gating,561,status::the_offline_mode::2,duplicate,n/a,apply,False,17,18,0.0,False
562,no_gating,562,status::Feature_X::8,duplicate,n/a,apply,False,20,21,0.0,False
563,no_gating,563,status::the_offline_mode::2,refinement,n/a,apply,False,18,19,0.0,False
564,no_gating,564,ship_date::the_vendor_contract_renewal::9,duplicate,n/a,apply,False,10,11,0.0,False
565,no_gating,565,magnitude::the_headcount_plan::28,update,n/a,apply,False,8,9,0.0,False
566,no_gating,566,magnitude::the_storage_quota::31,refinement,n/a,apply,False,15,16,0.0,False
567,no_gating,567,ship_date::the_partner_integration::39,duplicate,n/a,apply,False,11,12,0.0,False
568,no_gating,568,status::the_offline_mode::38,duplicate,n/a,apply,False,13,14,0.0,False
569,no_gating,569,magnitude::the_marketing_spend::4,update,n/a,apply,False,17,18,0.0,False
570,no_gating,570,ship_date::the_onboarding_revamp::3,duplicate,n/a,apply,False,12,13,0.0,False
571,no_gating,571,magnitude::the_storage_quota::31,update,n/a,apply,False,16,17,0.0,False
572,no_gating,572,magnitude::the_budget::7,refinement,n/a,apply,False,10,11,0.0,False
573,no_gating,573,status::Feature_X::8,contradiction,n/a,apply,True,21,22,0.0,False
574,no_gating,574,status::the_offline_mode::38,update,n/a,apply,False,14,15,0.0,False
575,no_gating,575,magnitude::the_storage_quota::31,contradiction,n/a,apply,True,17,18,0.0,False
576,no_gating,576,ship_date::the_data_migration::30,update,n/a,apply,False,16,17,0.0,False
577,no_gating,577,status::the_dark_mode_rollout::20,duplicate,n/a,apply,False,15,16,0.0,False
578,no_gating,578,magnitude::the_infra_budget::25,duplicate,n/a,apply,False,10,11,0.0,False
579,no_gating,579,status::the_dark_mode_rollout::14,contradiction,n/a,apply,True,13,14,0.0,False
580,no_gating,580,ship_date::the_partner_integration::6,update,n/a,apply,False,14,15,0.0,False
581,no_gating,581,ship_date::the_data_migration::33,update,n/a,apply,False,14,15,0.0,False
582,no_gating,582,ship_date::the_beta_rollout::12,refinement,n/a,apply,False,15,16,0.0,False
583,no_gating,583,status::Feature_X::8,update,n/a,apply,False,22,23,0.0,False
584,no_gating,584,magnitude::the_support_queue::10,refinement,n/a,apply,False,12,13,0.0,False
585,no_gating,585,status::the_audit_log_feature::26,duplicate,n/a,apply,False,13,14,0.0,False
586,no_gating,586,ship_date::the_vendor_contract_renewal::9,refinement,n/a,apply,False,11,12,0.0,False
587,no_gating,587,magnitude::the_budget::1,duplicate,n/a,apply,False,15,16,0.0,False
588,no_gating,588,ship_date::the_partner_integration::39,contradiction,n/a,apply,True,12,13,0.0,False
589,no_gating,589,status::Feature_X::8,duplicate,n/a,apply,False,23,24,0.0,False
590,no_gating,590,magnitude::the_storage_quota::19,update,n/a,apply,False,19,20,0.0,False
591,no_gating,591,ship_date::the_vendor_contract_renewal::18,duplicate,n/a,apply,False,9,10,0.0,False
592,no_gating,592,magnitude::the_support_queue::10,duplicate,n/a,apply,False,13,14,0.0,False
593,no_gating,593,status::the_dark_mode_rollout::29,refinement,n/a,apply,False,18,19,0.0,False
594,no_gating,594,status::the_offline_mode::38,duplicate,n/a,apply,False,15,16,0.0,False
595,no_gating,595,status::the_offline_mode::23,update,n/a,apply,True,8,9,0.0,False
596,no_gating,596,magnitude::the_budget::7,duplicate,n/a,apply,False,11,12,0.0,False
597,no_gating,597,ship_date::the_data_migration::33,refinement,n/a,apply,False,15,16,0.0,False
598,no_gating,598,ship_date::the_API_migration::0,refinement,n/a,apply,False,22,23,0.0,False
599,no_gating,599,status::the_dark_mode_rollout::29,refinement,n/a,apply,False,19,20,0.0,False
600,no_gating,600,ship_date::the_partner_integration::6,duplicate,n/a,apply,False,15,16,0.0,False
601,no_gating,601,ship_date::the_vendor_contract_renewal::9,duplicate,n/a,apply,False,12,13,0.0,False
602,no_gating,602,status::the_referral_program::11,refinement,n/a,apply,False,14,15,0.0,False
603,no_gating,603,ship_date::the_onboarding_revamp::27,refinement,n/a,apply,False,19,20,0.0,False
604,no_gating,604,ship_date::the_data_migration::30,duplicate,n/a,apply,False,17,18,0.0,False
605,no_gating,605,status::Feature_X::8,refinement,n/a,apply,False,24,25,0.0,False
606,no_gating,606,status::the_offline_mode::2,refinement,n/a,apply,False,19,20,0.0,False
607,no_gating,607,magnitude::the_storage_quota::37,duplicate,n/a,apply,False,11,12,0.0,False
608,no_gating,608,ship_date::the_partner_integration::6,refinement,n/a,apply,False,16,17,0.0,False
609,no_gating,609,magnitude::the_storage_quota::22,duplicate,n/a,apply,False,19,20,0.0,False
610,no_gating,610,status::the_dark_mode_rollout::29,refinement,n/a,apply,True,20,21,0.0,False
611,no_gating,611,magnitude::the_budget::13,duplicate,n/a,apply,False,10,11,0.0,False
612,no_gating,612,magnitude::the_storage_quota::37,refinement,n/a,apply,False,12,13,0.0,False
613,no_gating,613,magnitude::the_budget::13,contradiction,n/a,apply,True,11,12,0.0,False
614,no_gating,614,magnitude::the_storage_quota::31,duplicate,n/a,apply,False,18,19,0.0,False
615,no_gating,615,magnitude::the_infra_budget::25,duplicate,n/a,apply,False,11,12,0.0,False
616,no_gating,616,status::the_dark_mode_rollout::20,contradiction,n/a,apply,True,16,17,0.0,False
617,no_gating,617,ship_date::the_beta_rollout::12,duplicate,n/a,apply,False,16,17,0.0,False
618,no_gating,618,status::the_offline_mode::23,contradiction,n/a,apply,True,9,10,0.0,False
619,no_gating,619,ship_date::the_onboarding_revamp::3,duplicate,n/a,apply,False,13,14,0.0,False
620,no_gating,620,magnitude::the_storage_quota::31,refinement,n/a,apply,False,19,20,0.0,False
621,no_gating,621,ship_date::the_data_migration::30,update,n/a,apply,True,18,19,0.0,False
622,no_gating,622,status::the_export_tool::17,duplicate,n/a,apply,False,14,15,0.0,False
623,no_gating,623,status::the_offline_mode::23,duplicate,n/a,apply,False,10,11,0.0,False
624,no_gating,624,ship_date::the_onboarding_revamp::21,duplicate,n/a,apply,False,17,18,0.0,False
625,no_gating,625,status::the_offline_mode::2,refinement,n/a,apply,False,20,21,0.0,False
626,no_gating,626,status::the_audit_log_feature::26,refinement,n/a,apply,False,14,15,0.0,False
627,no_gating,627,ship_date::the_partner_integration::6,duplicate,n/a,apply,False,17,18,0.0,False
628,no_gating,628,magnitude::the_budget::13,refinement,n/a,apply,False,12,13,0.0,False
629,no_gating,629,ship_date::the_beta_rollout::12,duplicate,n/a,apply,False,17,18,0.0,False
630,no_gating,630,magnitude::the_budget::1,contradiction,n/a,apply,True,16,17,0.0,False
631,no_gating,631,ship_date::the_API_migration::0,duplicate,n/a,apply,False,23,24,0.0,False
632,no_gating,632,magnitude::the_storage_quota::22,duplicate,n/a,apply,False,20,21,0.0,False
633,no_gating,633,ship_date::the_API_migration::0,update,n/a,apply,False,24,25,0.0,False
634,no_gating,634,status::the_export_tool::17,duplicate,n/a,apply,False,15,16,0.0,False
635,no_gating,635,status::Feature_X::8,refinement,n/a,apply,False,25,26,0.0,False
636,no_gating,636,magnitude::the_budget::7,duplicate,n/a,apply,False,12,13,0.0,False
637,no_gating,637,magnitude::the_budget::13,update,n/a,apply,False,13,14,0.0,False
638,no_gating,638,ship_date::the_data_migration::33,duplicate,n/a,apply,False,16,17,0.0,False
639,no_gating,639,magnitude::the_budget::13,duplicate,n/a,apply,False,14,15,0.0,False
640,no_gating,640,magnitude::the_infra_budget::25,contradiction,n/a,apply,True,12,13,0.0,False
641,no_gating,641,status::the_dark_mode_rollout::14,update,n/a,apply,False,14,15,0.0,False
642,no_gating,642,magnitude::the_budget::7,duplicate,n/a,apply,False,13,14,0.0,False
643,no_gating,643,status::Feature_X::8,contradiction,n/a,apply,True,26,27,0.0,False
644,no_gating,644,magnitude::the_budget::13,duplicate,n/a,apply,False,15,16,0.0,False
645,no_gating,645,ship_date::the_data_migration::33,update,n/a,apply,False,17,18,0.0,False
646,no_gating,646,magnitude::the_storage_quota::31,refinement,n/a,apply,False,20,21,0.0,False
647,no_gating,647,magnitude::the_infra_budget::34,contradiction,n/a,apply,True,20,21,0.0,False
648,no_gating,648,status::the_offline_mode::2,refinement,n/a,apply,False,21,22,0.0,False
649,no_gating,649,magnitude::the_storage_quota::19,duplicate,n/a,apply,False,20,21,0.0,False
650,no_gating,650,ship_date::the_vendor_contract_renewal::18,contradiction,n/a,apply,True,10,11,0.0,False
651,no_gating,651,status::the_dark_mode_rollout::20,refinement,n/a,apply,False,17,18,0.0,False
652,no_gating,652,status::Feature_X::8,duplicate,n/a,apply,False,27,28,0.0,False
653,no_gating,653,ship_date::the_onboarding_revamp::27,update,n/a,apply,False,20,21,0.0,False
654,no_gating,654,magnitude::the_support_queue::10,update,n/a,apply,False,14,15,0.0,False
655,no_gating,655,magnitude::the_storage_quota::31,update,n/a,apply,False,21,22,0.0,False
656,no_gating,656,magnitude::the_infra_budget::25,update,n/a,apply,False,13,14,0.0,False
657,no_gating,657,status::the_dark_mode_rollout::29,update,n/a,apply,True,21,22,0.0,False
658,no_gating,658,magnitude::the_infra_budget::25,update,n/a,apply,False,14,15,0.0,False
659,no_gating,659,magnitude::the_budget::1,refinement,n/a,apply,False,17,18,0.0,False
660,no_gating,660,status::the_dark_mode_rollout::29,refinement,n/a,apply,True,22,23,0.0,False
661,no_gating,661,ship_date::the_onboarding_revamp::21,refinement,n/a,apply,False,18,19,0.0,False
662,no_gating,662,status::the_dark_mode_rollout::14,update,n/a,apply,False,15,16,0.0,False
663,no_gating,663,status::the_offline_mode::38,refinement,n/a,apply,False,16,17,0.0,False
664,no_gating,664,ship_date::the_data_migration::30,refinement,n/a,apply,False,19,20,0.0,False
665,no_gating,665,status::the_offline_mode::38,duplicate,n/a,apply,False,17,18,0.0,False
666,no_gating,666,magnitude::the_headcount_plan::16,refinement,n/a,apply,False,20,21,0.0,False
667,no_gating,667,magnitude::the_storage_quota::19,update,n/a,apply,False,21,22,0.0,False
668,no_gating,668,status::the_dark_mode_rollout::29,contradiction,n/a,apply,True,23,24,0.0,False
669,no_gating,669,status::the_dark_mode_rollout::20,duplicate,n/a,apply,False,18,19,0.0,False
670,no_gating,670,ship_date::the_partner_integration::15,refinement,n/a,apply,False,11,12,0.0,False
671,no_gating,671,status::the_audit_log_feature::26,contradiction,n/a,apply,True,15,16,0.0,False
672,no_gating,672,ship_date::the_API_migration::0,refinement,n/a,apply,False,25,26,0.0,False
673,no_gating,673,magnitude::the_storage_quota::37,refinement,n/a,apply,False,13,14,0.0,False
674,no_gating,674,status::the_audit_log_feature::26,refinement,n/a,apply,False,16,17,0.0,False
675,no_gating,675,magnitude::the_storage_quota::31,refinement,n/a,apply,False,22,23,0.0,False
676,no_gating,676,ship_date::the_partner_integration::15,duplicate,n/a,apply,False,12,13,0.0,False
677,no_gating,677,magnitude::the_support_queue::10,refinement,n/a,apply,False,15,16,0.0,False
678,no_gating,678,magnitude::the_infra_budget::34,duplicate,n/a,apply,False,21,22,0.0,False
679,no_gating,679,status::the_audit_log_feature::26,contradiction,n/a,apply,True,17,18,0.0,False
680,no_gating,680,ship_date::the_partner_integration::15,refinement,n/a,apply,False,13,14,0.0,False
681,no_gating,681,ship_date::the_partner_integration::39,contradiction,n/a,apply,True,13,14,0.0,False
682,no_gating,682,ship_date::the_API_migration::0,duplicate,n/a,apply,False,26,27,0.0,False
683,no_gating,683,ship_date::the_Q3_roadmap_review::36,duplicate,n/a,apply,False,10,11,0.0,False
684,no_gating,684,magnitude::the_storage_quota::31,refinement,n/a,apply,False,23,24,0.0,False
685,no_gating,685,status::the_referral_program::11,duplicate,n/a,apply,False,15,16,0.0,False
686,no_gating,686,status::Feature_X::8,update,n/a,apply,False,28,29,0.0,False
687,no_gating,687,magnitude::the_storage_quota::31,duplicate,n/a,apply,False,24,25,0.0,False
688,no_gating,688,status::the_dark_mode_rollout::5,duplicate,n/a,apply,False,12,13,0.0,False
689,no_gating,689,ship_date::the_onboarding_revamp::27,update,n/a,apply,False,21,22,0.0,False
690,no_gating,690,ship_date::the_data_migration::33,contradiction,n/a,apply,True,18,19,0.0,False
691,no_gating,691,magnitude::the_storage_quota::31,refinement,n/a,apply,False,25,26,0.0,False
692,no_gating,692,ship_date::the_beta_rollout::24,duplicate,n/a,apply,False,12,13,0.0,False
693,no_gating,693,ship_date::the_vendor_contract_renewal::9,update,n/a,apply,False,13,14,0.0,False
694,no_gating,694,status::the_dark_mode_rollout::29,duplicate,n/a,apply,False,24,25,0.0,False
695,no_gating,695,status::the_export_tool::17,update,n/a,apply,False,16,17,0.0,False
696,no_gating,696,status::the_export_tool::17,update,n/a,apply,False,17,18,0.0,False
697,no_gating,697,magnitude::the_budget::7,update,n/a,apply,False,14,15,0.0,False
698,no_gating,698,magnitude::the_headcount_plan::28,contradiction,n/a,apply,True,9,10,0.0,False
699,no_gating,699,ship_date::the_vendor_contract_renewal::18,duplicate,n/a,apply,False,11,12,0.0,False
700,no_gating,700,status::the_offline_mode::23,duplicate,n/a,apply,False,11,12,0.0,False
701,no_gating,701,magnitude::the_budget::13,update,n/a,apply,False,16,17,0.0,False
702,no_gating,702,magnitude::the_storage_quota::19,contradiction,n/a,apply,True,22,23,0.0,False
703,no_gating,703,status::the_offline_mode::38,update,n/a,apply,False,18,19,0.0,False
704,no_gating,704,status::Feature_X::8,refinement,n/a,apply,False,29,30,0.0,False
705,no_gating,705,magnitude::the_marketing_spend::4,contradiction,n/a,apply,True,18,19,0.0,False
706,no_gating,706,ship_date::the_Q3_roadmap_review::36,contradiction,n/a,apply,True,11,12,0.0,False
707,no_gating,707,magnitude::the_budget::13,update,n/a,apply,False,17,18,0.0,False
708,no_gating,708,magnitude::the_infra_budget::25,update,n/a,apply,False,15,16,0.0,False
709,no_gating,709,magnitude::the_support_queue::10,duplicate,n/a,apply,False,16,17,0.0,False
710,no_gating,710,status::the_dark_mode_rollout::5,refinement,n/a,apply,False,13,14,0.0,False
711,no_gating,711,magnitude::the_budget::7,duplicate,n/a,apply,False,15,16,0.0,False
712,no_gating,712,ship_date::the_Q3_roadmap_review::36,duplicate,n/a,apply,False,12,13,0.0,False
713,no_gating,713,magnitude::the_storage_quota::31,duplicate,n/a,apply,False,26,27,0.0,False
714,no_gating,714,magnitude::the_budget::1,duplicate,n/a,apply,False,18,19,0.0,False
715,no_gating,715,status::Feature_X::8,contradiction,n/a,apply,True,30,31,0.0,False
716,no_gating,716,ship_date::the_partner_integration::39,update,n/a,apply,False,14,15,0.0,False
717,no_gating,717,magnitude::the_storage_quota::31,duplicate,n/a,apply,False,27,28,0.0,False
718,no_gating,718,ship_date::the_onboarding_revamp::21,duplicate,n/a,apply,False,19,20,0.0,False
719,no_gating,719,status::the_dark_mode_rollout::20,refinement,n/a,apply,False,19,20,0.0,False
720,no_gating,720,ship_date::the_data_migration::30,refinement,n/a,apply,False,20,21,0.0,False
721,no_gating,721,magnitude::the_budget::13,update,n/a,apply,False,18,19,0.0,False
722,no_gating,722,status::the_offline_mode::2,refinement,n/a,apply,False,22,23,0.0,False
723,no_gating,723,magnitude::the_headcount_plan::16,contradiction,n/a,apply,True,21,22,0.0,False
724,no_gating,724,magnitude::the_marketing_spend::4,duplicate,n/a,apply,False,19,20,0.0,False
725,no_gating,725,status::the_offline_mode::23,duplicate,n/a,apply,False,12,13,0.0,False
726,no_gating,726,ship_date::the_vendor_contract_renewal::18,update,n/a,apply,False,12,13,0.0,False
727,no_gating,727,status::the_offline_mode::23,refinement,n/a,apply,False,13,14,0.0,False
728,no_gating,728,ship_date::the_onboarding_revamp::21,refinement,n/a,apply,False,20,21,0.0,False
729,no_gating,729,magnitude::the_budget::1,contradiction,n/a,apply,True,19,20,0.0,False
730,no_gating,730,ship_date::the_data_migration::33,update,n/a,apply,False,19,20,0.0,False
731,no_gating,731,ship_date::the_API_migration::0,refinement,n/a,apply,False,27,28,0.0,False
732,no_gating,732,magnitude::the_marketing_spend::4,update,n/a,apply,False,20,21,0.0,False
733,no_gating,733,magnitude::the_headcount_plan::16,refinement,n/a,apply,False,22,23,0.0,False
734,no_gating,734,ship_date::the_beta_rollout::12,duplicate,n/a,apply,False,18,19,0.0,False
735,no_gating,735,status::the_dark_mode_rollout::32,contradiction,n/a,apply,True,18,19,0.0,False
736,no_gating,736,magnitude::the_marketing_spend::4,update,n/a,apply,False,21,22,0.0,False
737,no_gating,737,ship_date::the_partner_integration::39,update,n/a,apply,False,15,16,0.0,False
738,no_gating,738,magnitude::the_budget::7,duplicate,n/a,apply,False,16,17,0.0,False
739,no_gating,739,ship_date::the_onboarding_revamp::21,refinement,n/a,apply,False,21,22,0.0,False
740,no_gating,740,magnitude::the_headcount_plan::16,contradiction,n/a,apply,True,23,24,0.0,False
741,no_gating,741,status::the_offline_mode::23,refinement,n/a,apply,False,14,15,0.0,False
742,no_gating,742,magnitude::the_storage_quota::31,refinement,n/a,apply,False,28,29,0.0,False
743,no_gating,743,ship_date::the_partner_integration::39,update,n/a,apply,False,16,17,0.0,False
744,no_gating,744,ship_date::the_onboarding_revamp::3,update,n/a,apply,False,14,15,0.0,False
745,no_gating,745,status::the_offline_mode::2,duplicate,n/a,apply,False,23,24,0.0,False
746,no_gating,746,ship_date::the_partner_integration::39,contradiction,n/a,apply,True,17,18,0.0,False
747,no_gating,747,magnitude::the_marketing_spend::4,contradiction,n/a,apply,True,22,23,0.0,False
748,no_gating,748,ship_date::the_partner_integration::39,update,n/a,apply,False,18,19,0.0,False
749,no_gating,749,magnitude::the_storage_quota::37,duplicate,n/a,apply,False,14,15,0.0,False
750,no_gating,750,ship_date::the_partner_integration::15,update,n/a,apply,False,14,15,0.0,False
751,no_gating,751,magnitude::the_storage_quota::31,duplicate,n/a,apply,False,29,30,0.0,False
752,no_gating,752,magnitude::the_budget::13,update,n/a,apply,False,19,20,0.0,False
753,no_gating,753,magnitude::the_headcount_plan::28,refinement,n/a,apply,False,10,11,0.0,False
754,no_gating,754,ship_date::the_partner_integration::6,contradiction,n/a,apply,True,18,19,0.0,False
755,no_gating,755,ship_date::the_vendor_contract_renewal::18,refinement,n/a,apply,False,13,14,0.0,False
756,no_gating,756,magnitude::the_headcount_plan::16,refinement,n/a,apply,False,24,25,0.0,False
757,no_gating,757,ship_date::the_onboarding_revamp::21,refinement,n/a,apply,False,22,23,0.0,False
758,no_gating,758,status::the_dark_mode_rollout::32,contradiction,n/a,apply,True,19,20,0.0,False
759,no_gating,759,ship_date::the_beta_rollout::24,duplicate,n/a,apply,False,13,14,0.0,False
760,no_gating,760,ship_date::the_data_migration::33,refinement,n/a,apply,False,20,21,0.0,False
761,no_gating,761,status::Feature_X::8,contradiction,n/a,apply,True,31,32,0.0,False
762,no_gating,762,status::the_referral_program::11,update,n/a,apply,False,16,17,0.0,False
763,no_gating,763,ship_date::the_onboarding_revamp::27,refinement,n/a,apply,True,22,23,0.0,False
764,no_gating,764,status::the_audit_log_feature::26,update,n/a,apply,False,18,19,0.0,False
765,no_gating,765,magnitude::the_storage_quota::22,duplicate,n/a,apply,False,21,22,0.0,False
766,no_gating,766,magnitude::the_budget::13,refinement,n/a,apply,False,20,21,0.0,False
767,no_gating,767,magnitude::the_budget::1,update,n/a,apply,False,20,21,0.0,False
768,no_gating,768,status::the_audit_log_feature::26,duplicate,n/a,apply,False,19,20,0.0,False
769,no_gating,769,ship_date::the_partner_integration::39,update,n/a,apply,False,19,20,0.0,False
770,no_gating,770,magnitude::the_budget::13,update,n/a,apply,False,21,22,0.0,False
771,no_gating,771,status::the_dark_mode_rollout::5,update,n/a,apply,False,14,15,0.0,False
772,no_gating,772,magnitude::the_budget::1,duplicate,n/a,apply,False,21,22,0.0,False
773,no_gating,773,status::the_dark_mode_rollout::29,refinement,n/a,apply,False,25,26,0.0,False
774,no_gating,774,status::the_offline_mode::35,refinement,n/a,apply,False,8,9,0.0,False
775,no_gating,775,ship_date::the_Q3_roadmap_review::36,refinement,n/a,apply,True,13,14,0.0,False
776,no_gating,776,status::the_export_tool::17,refinement,n/a,apply,True,18,19,0.0,False
777,no_gating,777,magnitude::the_marketing_spend::4,refinement,n/a,apply,False,23,24,0.0,False
778,no_gating,778,magnitude::the_headcount_plan::16,duplicate,n/a,apply,False,25,26,0.0,False
779,no_gating,779,ship_date::the_onboarding_revamp::27,duplicate,n/a,apply,False,23,24,0.0,False
780,no_gating,780,status::the_dark_mode_rollout::20,update,n/a,apply,False,20,21,0.0,False
781,no_gating,781,status::the_export_tool::17,duplicate,n/a,apply,False,19,20,0.0,False
782,no_gating,782,magnitude::the_storage_quota::37,duplicate,n/a,apply,False,15,16,0.0,False
783,no_gating,783,status::the_offline_mode::23,update,n/a,apply,False,15,16,0.0,False
784,no_gating,784,magnitude::the_budget::7,update,n/a,apply,False,17,18,0.0,False
785,no_gating,785,magnitude::the_storage_quota::22,refinement,n/a,apply,False,22,23,0.0,False
786,no_gating,786,magnitude::the_storage_quota::31,refinement,n/a,apply,False,30,31,0.0,False
787,no_gating,787,ship_date::the_beta_rollout::24,update,n/a,apply,False,14,15,0.0,False
788,no_gating,788,ship_date::the_vendor_contract_renewal::9,duplicate,n/a,apply,False,14,15,0.0,False
789,no_gating,789,ship_date::the_API_migration::0,contradiction,n/a,apply,True,28,29,0.0,False
790,no_gating,790,status::the_export_tool::17,refinement,n/a,apply,False,20,21,0.0,False
791,no_gating,791,ship_date::the_onboarding_revamp::21,duplicate,n/a,apply,False,23,24,0.0,False
792,no_gating,792,magnitude::the_budget::1,update,n/a,apply,False,22,23,0.0,False
793,no_gating,793,status::the_dark_mode_rollout::29,refinement,n/a,apply,False,26,27,0.0,False
794,no_gating,794,magnitude::the_headcount_plan::28,update,n/a,apply,False,11,12,0.0,False
795,no_gating,795,ship_date::the_data_migration::33,refinement,n/a,apply,False,21,22,0.0,False
796,no_gating,796,ship_date::the_Q3_roadmap_review::36,refinement,n/a,apply,False,14,15,0.0,False
797,no_gating,797,magnitude::the_budget::7,contradiction,n/a,apply,True,18,19,0.0,False
798,no_gating,798,magnitude::the_infra_budget::34,refinement,n/a,apply,False,22,23,0.0,False
799,no_gating,799,status::the_dark_mode_rollout::20,update,n/a,apply,False,21,22,0.0,False
800,no_gating,800,ship_date::the_API_migration::0,refinement,n/a,apply,False,29,30,0.0,False
801,no_gating,801,ship_date::the_vendor_contract_renewal::18,refinement,n/a,apply,False,14,15,0.0,False
802,no_gating,802,status::the_audit_log_feature::26,duplicate,n/a,apply,False,20,21,0.0,False
803,no_gating,803,magnitude::the_infra_budget::34,refinement,n/a,apply,False,23,24,0.0,False
804,no_gating,804,ship_date::the_onboarding_revamp::21,refinement,n/a,apply,False,24,25,0.0,False
805,no_gating,805,status::the_referral_program::11,refinement,n/a,apply,False,17,18,0.0,False
806,no_gating,806,ship_date::the_data_migration::33,refinement,n/a,apply,False,22,23,0.0,False
807,no_gating,807,magnitude::the_headcount_plan::16,refinement,n/a,apply,False,26,27,0.0,False
808,no_gating,808,status::the_audit_log_feature::26,contradiction,n/a,apply,True,21,22,0.0,False
809,no_gating,809,status::the_offline_mode::2,update,n/a,apply,False,24,25,0.0,False
810,no_gating,810,magnitude::the_marketing_spend::4,duplicate,n/a,apply,False,24,25,0.0,False
811,no_gating,811,magnitude::the_headcount_plan::28,refinement,n/a,apply,False,12,13,0.0,False
812,no_gating,812,ship_date::the_onboarding_revamp::3,duplicate,n/a,apply,False,15,16,0.0,False
813,no_gating,813,status::the_dark_mode_rollout::20,duplicate,n/a,apply,False,22,23,0.0,False
814,no_gating,814,status::the_offline_mode::2,refinement,n/a,apply,False,25,26,0.0,False
815,no_gating,815,magnitude::the_storage_quota::31,duplicate,n/a,apply,False,31,32,0.0,False
816,no_gating,816,ship_date::the_onboarding_revamp::21,refinement,n/a,apply,False,25,26,0.0,False
817,no_gating,817,magnitude::the_storage_quota::37,refinement,n/a,apply,True,16,17,0.0,False
818,no_gating,818,ship_date::the_beta_rollout::24,contradiction,n/a,apply,True,15,16,0.0,False
819,no_gating,819,status::the_referral_program::11,contradiction,n/a,apply,True,18,19,0.0,False
820,no_gating,820,magnitude::the_budget::13,contradiction,n/a,apply,True,22,23,0.0,False
821,no_gating,821,ship_date::the_data_migration::33,update,n/a,apply,False,23,24,0.0,False
822,no_gating,822,ship_date::the_data_migration::30,duplicate,n/a,apply,False,21,22,0.0,False
823,no_gating,823,status::the_export_tool::17,contradiction,n/a,apply,True,21,22,0.0,False
824,no_gating,824,magnitude::the_budget::7,refinement,n/a,apply,False,19,20,0.0,False
825,no_gating,825,status::the_dark_mode_rollout::20,duplicate,n/a,apply,False,23,24,0.0,False
826,no_gating,826,magnitude::the_budget::7,contradiction,n/a,apply,True,20,21,0.0,False
827,no_gating,827,magnitude::the_storage_quota::31,refinement,n/a,apply,False,32,33,0.0,False
828,no_gating,828,magnitude::the_infra_budget::25,refinement,n/a,apply,False,16,17,0.0,False
829,no_gating,829,magnitude::the_storage_quota::19,update,n/a,apply,False,23,24,0.0,False
830,no_gating,830,ship_date::the_beta_rollout::12,contradiction,n/a,apply,True,19,20,0.0,False
831,no_gating,831,magnitude::the_support_queue::10,duplicate,n/a,apply,False,17,18,0.0,False
832,no_gating,832,status::the_export_tool::17,contradiction,n/a,apply,True,22,23,0.0,False
833,no_gating,833,status::the_offline_mode::35,refinement,n/a,apply,False,9,10,0.0,False
834,no_gating,834,magnitude::the_budget::7,refinement,n/a,apply,False,21,22,0.0,False
835,no_gating,835,status::the_export_tool::17,update,n/a,apply,False,23,24,0.0,False
836,no_gating,836,ship_date::the_API_migration::0,contradiction,n/a,apply,True,30,31,0.0,False
837,no_gating,837,status::the_offline_mode::2,duplicate,n/a,apply,False,26,27,0.0,False
838,no_gating,838,status::the_audit_log_feature::26,refinement,n/a,apply,False,22,23,0.0,False
839,no_gating,839,magnitude::the_storage_quota::19,refinement,n/a,apply,False,24,25,0.0,False
840,no_gating,840,magnitude::the_budget::13,contradiction,n/a,apply,True,23,24,0.0,False
841,no_gating,841,magnitude::the_storage_quota::19,duplicate,n/a,apply,False,25,26,0.0,False
842,no_gating,842,ship_date::the_beta_rollout::12,update,n/a,apply,False,20,21,0.0,False
843,no_gating,843,status::the_dark_mode_rollout::32,contradiction,n/a,apply,True,20,21,0.0,False
844,no_gating,844,magnitude::the_budget::13,contradiction,n/a,apply,True,24,25,0.0,False
845,no_gating,845,ship_date::the_vendor_contract_renewal::18,duplicate,n/a,apply,False,15,16,0.0,False
846,no_gating,846,ship_date::the_onboarding_revamp::21,update,n/a,apply,False,26,27,0.0,False
847,no_gating,847,ship_date::the_vendor_contract_renewal::18,contradiction,n/a,apply,True,16,17,0.0,False
848,no_gating,848,status::the_dark_mode_rollout::20,update,n/a,apply,False,24,25,0.0,False
849,no_gating,849,magnitude::the_support_queue::10,refinement,n/a,apply,False,18,19,0.0,False
850,no_gating,850,status::Feature_X::8,refinement,n/a,apply,False,32,33,0.0,False
851,no_gating,851,magnitude::the_budget::1,contradiction,n/a,apply,True,23,24,0.0,False
852,no_gating,852,magnitude::the_storage_quota::19,update,n/a,apply,False,26,27,0.0,False
853,no_gating,853,magnitude::the_marketing_spend::4,refinement,n/a,apply,True,25,26,0.0,False
854,no_gating,854,ship_date::the_beta_rollout::24,update,n/a,apply,False,16,17,0.0,False
855,no_gating,855,ship_date::the_onboarding_revamp::21,contradiction,n/a,apply,True,27,28,0.0,False
856,no_gating,856,ship_date::the_partner_integration::39,duplicate,n/a,apply,False,20,21,0.0,False
857,no_gating,857,status::the_referral_program::11,contradiction,n/a,apply,True,19,20,0.0,False
858,no_gating,858,magnitude::the_marketing_spend::4,refinement,n/a,apply,True,26,27,0.0,False
859,no_gating,859,magnitude::the_infra_budget::34,refinement,n/a,apply,False,24,25,0.0,False
860,no_gating,860,magnitude::the_storage_quota::37,refinement,n/a,apply,False,17,18,0.0,False
861,no_gating,861,magnitude::the_storage_quota::22,duplicate,n/a,apply,False,23,24,0.0,False
862,no_gating,862,status::the_dark_mode_rollout::32,duplicate,n/a,apply,False,21,22,0.0,False
863,no_gating,863,magnitude::the_budget::1,duplicate,n/a,apply,False,24,25,0.0,False
864,no_gating,864,status::the_offline_mode::2,contradiction,n/a,apply,True,27,28,0.0,False
865,no_gating,865,magnitude::the_storage_quota::19,refinement,n/a,apply,False,27,28,0.0,False
866,no_gating,866,status::the_offline_mode::23,refinement,n/a,apply,False,16,17,0.0,False
867,no_gating,867,status::the_referral_program::11,refinement,n/a,apply,False,20,21,0.0,False
868,no_gating,868,status::the_export_tool::17,duplicate,n/a,apply,False,24,25,0.0,False
869,no_gating,869,ship_date::the_data_migration::33,refinement,n/a,apply,False,24,25,0.0,False
870,no_gating,870,magnitude::the_support_queue::10,duplicate,n/a,apply,False,19,20,0.0,False
871,no_gating,871,ship_date::the_onboarding_revamp::21,duplicate,n/a,apply,False,28,29,0.0,False
872,no_gating,872,status::the_offline_mode::2,duplicate,n/a,apply,False,28,29,0.0,False
873,no_gating,873,ship_date::the_data_migration::33,refinement,n/a,apply,False,25,26,0.0,False
874,no_gating,874,status::the_export_tool::17,duplicate,n/a,apply,False,25,26,0.0,False
875,no_gating,875,ship_date::the_onboarding_revamp::21,duplicate,n/a,apply,False,29,30,0.0,False
876,no_gating,876,magnitude::the_storage_quota::37,update,n/a,apply,False,18,19,0.0,False
877,no_gating,877,magnitude::the_budget::7,update,n/a,apply,False,22,23,0.0,False
878,no_gating,878,magnitude::the_headcount_plan::28,duplicate,n/a,apply,False,13,14,0.0,False
879,no_gating,879,status::the_dark_mode_rollout::14,refinement,n/a,apply,False,16,17,0.0,False
880,no_gating,880,ship_date::the_partner_integration::15,refinement,n/a,apply,False,15,16,0.0,False
881,no_gating,881,status::the_export_tool::17,duplicate,n/a,apply,False,26,27,0.0,False
882,no_gating,882,magnitude::the_storage_quota::22,refinement,n/a,apply,True,24,25,0.0,False
883,no_gating,883,status::the_offline_mode::23,refinement,n/a,apply,False,17,18,0.0,False
884,no_gating,884,status::the_offline_mode::38,duplicate,n/a,apply,False,19,20,0.0,False
885,no_gating,885,status::the_offline_mode::38,contradiction,n/a,apply,True,20,21,0.0,False
886,no_gating,886,magnitude::the_infra_budget::34,contradiction,n/a,apply,True,25,26,0.0,False
887,no_gating,887,ship_date::the_beta_rollout::12,refinement,n/a,apply,False,21,22,0.0,False
888,no_gating,888,ship_date::the_beta_rollout::12,duplicate,n/a,apply,False,22,23,0.0,False
889,no_gating,889,magnitude::the_headcount_plan::28,update,n/a,apply,False,14,15,0.0,False
890,no_gating,890,status::the_offline_mode::23,duplicate,n/a,apply,False,18,19,0.0,False
891,no_gating,891,status::the_audit_log_feature::26,duplicate,n/a,apply,False,23,24,0.0,False
892,no_gating,892,status::the_dark_mode_rollout::20,refinement,n/a,apply,False,25,26,0.0,False
893,no_gating,893,ship_date::the_onboarding_revamp::3,update,n/a,apply,False,16,17,0.0,False
894,no_gating,894,status::the_offline_mode::35,contradiction,n/a,apply,True,10,11,0.0,False
895,no_gating,895,ship_date::the_data_migration::30,duplicate,n/a,apply,False,22,23,0.0,False
896,no_gating,896,ship_date::the_vendor_contract_renewal::9,refinement,n/a,apply,False,15,16,0.0,False
897,no_gating,897,status::the_offline_mode::35,refinement,n/a,apply,False,11,12,0.0,False
898,no_gating,898,ship_date::the_onboarding_revamp::21,update,n/a,apply,False,30,31,0.0,False
899,no_gating,899,status::the_offline_mode::2,duplicate,n/a,apply,False,29,30,0.0,False
900,no_gating,900,ship_date::the_data_migration::30,update,n/a,apply,False,23,24,0.0,False
901,no_gating,901,ship_date::the_onboarding_revamp::3,duplicate,n/a,apply,False,17,18,0.0,False
902,no_gating,902,magnitude::the_support_queue::10,refinement,n/a,apply,False,20,21,0.0,False
903,no_gating,903,status::the_audit_log_feature::26,duplicate,n/a,apply,False,24,25,0.0,False
904,no_gating,904,status::the_export_tool::17,duplicate,n/a,apply,False,27,28,0.0,False
905,no_gating,905,magnitude::the_storage_quota::31,refinement,n/a,apply,False,33,34,0.0,False
906,no_gating,906,status::the_offline_mode::35,duplicate,n/a,apply,False,12,13,0.0,False
907,no_gating,907,status::the_export_tool::17,update,n/a,apply,False,28,29,0.0,False
908,no_gating,908,ship_date::the_partner_integration::6,duplicate,n/a,apply,False,19,20,0.0,False
909,no_gating,909,magnitude::the_infra_budget::25,refinement,n/a,apply,True,17,18,0.0,False
910,no_gating,910,magnitude::the_support_queue::10,update,n/a,apply,False,21,22,0.0,False
911,no_gating,911,ship_date::the_vendor_contract_renewal::9,contradiction,n/a,apply,True,16,17,0.0,False
912,no_gating,912,ship_date::the_onboarding_revamp::21,refinement,n/a,apply,False,31,32,0.0,False
913,no_gating,913,magnitude::the_storage_quota::22,refinement,n/a,apply,False,25,26,0.0,False
914,no_gating,914,status::the_audit_log_feature::26,update,n/a,apply,True,25,26,0.0,False
915,no_gating,915,status::the_dark_mode_rollout::5,refinement,n/a,apply,False,15,16,0.0,False
916,no_gating,916,magnitude::the_storage_quota::22,refinement,n/a,apply,False,26,27,0.0,False
917,no_gating,917,ship_date::the_beta_rollout::12,refinement,n/a,apply,False,23,24,0.0,False
918,no_gating,918,magnitude::the_storage_quota::37,update,n/a,apply,False,19,20,0.0,False
919,no_gating,919,magnitude::the_headcount_plan::28,contradiction,n/a,apply,True,15,16,0.0,False
920,no_gating,920,ship_date::the_partner_integration::6,duplicate,n/a,apply,False,20,21,0.0,False
921,no_gating,921,status::the_dark_mode_rollout::5,duplicate,n/a,apply,False,16,17,0.0,False
922,no_gating,922,magnitude::the_storage_quota::31,refinement,n/a,apply,True,34,35,0.0,False
923,no_gating,923,magnitude::the_infra_budget::25,duplicate,n/a,apply,False,18,19,0.0,False
924,no_gating,924,ship_date::the_data_migration::30,refinement,n/a,apply,False,24,25,0.0,False
925,no_gating,925,status::the_export_tool::17,refinement,n/a,apply,False,29,30,0.0,False
926,no_gating,926,status::the_dark_mode_rollout::32,refinement,n/a,apply,False,22,23,0.0,False
927,no_gating,927,magnitude::the_storage_quota::37,refinement,n/a,apply,False,20,21,0.0,False
928,no_gating,928,status::the_dark_mode_rollout::29,contradiction,n/a,apply,True,27,28,0.0,False
929,no_gating,929,ship_date::the_onboarding_revamp::27,update,n/a,apply,False,24,25,0.0,False
930,no_gating,930,status::Feature_X::8,contradiction,n/a,apply,True,33,34,0.0,False
931,no_gating,931,status::the_dark_mode_rollout::20,duplicate,n/a,apply,False,26,27,0.0,False
932,no_gating,932,ship_date::the_Q3_roadmap_review::36,contradiction,n/a,apply,True,15,16,0.0,False
933,no_gating,933,ship_date::the_beta_rollout::24,contradiction,n/a,apply,True,17,18,0.0,False
934,no_gating,934,status::the_offline_mode::35,duplicate,n/a,apply,False,13,14,0.0,False
935,no_gating,935,magnitude::the_headcount_plan::28,duplicate,n/a,apply,False,16,17,0.0,False
936,no_gating,936,status::the_dark_mode_rollout::29,refinement,n/a,apply,False,28,29,0.0,False
937,no_gating,937,ship_date::the_vendor_contract_renewal::18,refinement,n/a,apply,False,17,18,0.0,False
938,no_gating,938,magnitude::the_budget::13,update,n/a,apply,False,25,26,0.0,False
939,no_gating,939,status::the_dark_mode_rollout::14,duplicate,n/a,apply,False,17,18,0.0,False
940,no_gating,940,ship_date::the_beta_rollout::24,refinement,n/a,apply,False,18,19,0.0,False
941,no_gating,941,magnitude::the_storage_quota::19,duplicate,n/a,apply,False,28,29,0.0,False
942,no_gating,942,ship_date::the_partner_integration::6,duplicate,n/a,apply,False,21,22,0.0,False
943,no_gating,943,status::the_dark_mode_rollout::5,refinement,n/a,apply,False,17,18,0.0,False
944,no_gating,944,ship_date::the_partner_integration::15,refinement,n/a,apply,False,16,17,0.0,False
945,no_gating,945,status::the_referral_program::11,refinement,n/a,apply,False,21,22,0.0,False
946,no_gating,946,ship_date::the_API_migration::0,refinement,n/a,apply,False,31,32,0.0,False
947,no_gating,947,magnitude::the_storage_quota::19,contradiction,n/a,apply,True,29,30,0.0,False
948,no_gating,948,magnitude::the_budget::13,duplicate,n/a,apply,False,26,27,0.0,False
949,no_gating,949,status::the_audit_log_feature::26,duplicate,n/a,apply,False,26,27,0.0,False
950,no_gating,950,ship_date::the_data_migration::30,update,n/a,apply,True,25,26,0.0,False
951,no_gating,951,ship_date::the_vendor_contract_renewal::18,update,n/a,apply,False,18,19,0.0,False
952,no_gating,952,status::the_dark_mode_rollout::5,duplicate,n/a,apply,False,18,19,0.0,False
953,no_gating,953,status::the_audit_log_feature::26,refinement,n/a,apply,False,27,28,0.0,False
954,no_gating,954,status::the_referral_program::11,refinement,n/a,apply,False,22,23,0.0,False
955,no_gating,955,magnitude::the_support_queue::10,contradiction,n/a,apply,True,22,23,0.0,False
956,no_gating,956,status::the_dark_mode_rollout::20,refinement,n/a,apply,False,27,28,0.0,False
957,no_gating,957,status::the_dark_mode_rollout::20,update,n/a,apply,False,28,29,0.0,False
958,no_gating,958,magnitude::the_storage_quota::31,refinement,n/a,apply,False,35,36,0.0,False
959,no_gating,959,status::the_offline_mode::2,refinement,n/a,apply,True,30,31,0.0,False
960,no_gating,960,ship_date::the_onboarding_revamp::3,duplicate,n/a,apply,False,18,19,0.0,False
961,no_gating,961,status::the_referral_program::11,update,n/a,apply,False,23,24,0.0,False
962,no_gating,962,magnitude::the_headcount_plan::28,contradiction,n/a,apply,True,17,18,0.0,False
963,no_gating,963,status::the_audit_log_feature::26,refinement,n/a,apply,False,28,29,0.0,False
964,no_gating,964,ship_date::the_onboarding_revamp::27,refinement,n/a,apply,False,25,26,0.0,False
965,no_gating,965,ship_date::the_beta_rollout::24,duplicate,n/a,apply,False,19,20,0.0,False
966,no_gating,966,ship_date::the_data_migration::30,refinement,n/a,apply,False,26,27,0.0,False
967,no_gating,967,status::the_export_tool::17,duplicate,n/a,apply,False,30,31,0.0,False
968,no_gating,968,ship_date::the_partner_integration::6,refinement,n/a,apply,False,22,23,0.0,False
969,no_gating,969,magnitude::the_budget::1,update,n/a,apply,False,25,26,0.0,False
970,no_gating,970,ship_date::the_data_migration::30,duplicate,n/a,apply,False,27,28,0.0,False
971,no_gating,971,status::the_dark_mode_rollout::29,refinement,n/a,apply,False,29,30,0.0,False
972,no_gating,972,magnitude::the_support_queue::10,refinement,n/a,apply,False,23,24,0.0,False
973,no_gating,973,ship_date::the_partner_integration::39,refinement,n/a,apply,True,21,22,0.0,False
974,no_gating,974,status::the_offline_mode::35,refinement,n/a,apply,False,14,15,0.0,False
975,no_gating,975,status::the_offline_mode::35,update,n/a,apply,True,15,16,0.0,False
976,no_gating,976,magnitude::the_support_queue::10,update,n/a,apply,False,24,25,0.0,False
977,no_gating,977,magnitude::the_storage_quota::22,refinement,n/a,apply,False,27,28,0.0,False
978,no_gating,978,status::the_offline_mode::38,refinement,n/a,apply,False,21,22,0.0,False
979,no_gating,979,magnitude::the_headcount_plan::16,refinement,n/a,apply,False,27,28,0.0,False
980,no_gating,980,magnitude::the_storage_quota::22,contradiction,n/a,apply,True,28,29,0.0,False
981,no_gating,981,ship_date::the_onboarding_revamp::27,duplicate,n/a,apply,False,26,27,0.0,False
982,no_gating,982,ship_date::the_onboarding_revamp::27,duplicate,n/a,apply,False,27,28,0.0,False
983,no_gating,983,magnitude::the_infra_budget::34,contradiction,n/a,apply,True,26,27,0.0,False
984,no_gating,984,magnitude::the_storage_quota::22,refinement,n/a,apply,False,29,30,0.0,False
985,no_gating,985,status::the_offline_mode::2,refinement,n/a,apply,False,31,32,0.0,False
986,no_gating,986,magnitude::the_headcount_plan::28,duplicate,n/a,apply,False,18,19,0.0,False
987,no_gating,987,status::the_dark_mode_rollout::5,contradiction,n/a,apply,True,19,20,0.0,False
988,no_gating,988,ship_date::the_data_migration::30,update,n/a,apply,False,28,29,0.0,False
989,no_gating,989,status::the_offline_mode::38,contradiction,n/a,apply,True,22,23,0.0,False
990,no_gating,990,magnitude::the_storage_quota::31,update,n/a,apply,False,36,37,0.0,False
991,no_gating,991,magnitude::the_support_queue::10,duplicate,n/a,apply,False,25,26,0.0,False
992,no_gating,992,status::Feature_X::8,contradiction,n/a,apply,True,34,35,0.0,False
993,no_gating,993,status::the_referral_program::11,contradiction,n/a,apply,True,24,25,0.0,False
994,no_gating,994,status::the_referral_program::11,duplicate,n/a,apply,False,25,26,0.0,False
995,no_gating,995,magnitude::the_headcount_plan::28,duplicate,n/a,apply,False,19,20,0.0,False
996,no_gating,996,magnitude::the_budget::1,update,n/a,apply,False,26,27,0.0,False
997,no_gating,997,magnitude::the_storage_quota::19,update,n/a,apply,False,30,31,0.0,False
998,no_gating,998,status::Feature_X::8,refinement,n/a,apply,False,35,36,0.0,False
999,no_gating,999,magnitude::the_headcount_plan::16,update,n/a,apply,False,28,29,0.0,False
1000,no_gating,1000,ship_date::the_onboarding_revamp::21,duplicate,n/a,apply,False,32,33,0.0,False
1001,no_gating,1001,magnitude::the_headcount_plan::16,contradiction,n/a,apply,True,29,30,0.0,False
1002,no_gating,1002,status::the_dark_mode_rollout::5,update,n/a,apply,False,20,21,0.0,False
1003,no_gating,1003,ship_date::the_onboarding_revamp::27,refinement,n/a,apply,False,28,29,0.0,False
1004,no_gating,1004,ship_date::the_vendor_contract_renewal::18,duplicate,n/a,apply,False,19,20,0.0,False
1005,no_gating,1005,status::the_dark_mode_rollout::5,duplicate,n/a,apply,False,21,22,0.0,False
1006,no_gating,1006,ship_date::the_vendor_contract_renewal::9,update,n/a,apply,False,17,18,0.0,False
1007,no_gating,1007,ship_date::the_beta_rollout::12,contradiction,n/a,apply,True,24,25,0.0,False
1008,no_gating,1008,ship_date::the_onboarding_revamp::21,update,n/a,apply,False,33,34,0.0,False
1009,no_gating,1009,ship_date::the_onboarding_revamp::27,update,n/a,apply,False,29,30,0.0,False
1010,no_gating,1010,magnitude::the_headcount_plan::16,contradiction,n/a,apply,True,30,31,0.0,False
1011,no_gating,1011,ship_date::the_partner_integration::15,duplicate,n/a,apply,False,17,18,0.0,False
1012,no_gating,1012,status::the_referral_program::11,contradiction,n/a,apply,True,26,27,0.0,False
1013,no_gating,1013,status::the_dark_mode_rollout::32,duplicate,n/a,apply,False,23,24,0.0,False
1014,no_gating,1014,ship_date::the_beta_rollout::12,refinement,n/a,apply,True,25,26,0.0,False
1015,no_gating,1015,ship_date::the_partner_integration::39,duplicate,n/a,apply,False,22,23,0.0,False
1016,no_gating,1016,status::the_dark_mode_rollout::29,refinement,n/a,apply,False,30,31,0.0,False
1017,no_gating,1017,magnitude::the_storage_quota::19,refinement,n/a,apply,False,31,32,0.0,False
1018,no_gating,1018,status::the_dark_mode_rollout::5,refinement,n/a,apply,True,22,23,0.0,False
1019,no_gating,1019,status::the_dark_mode_rollout::32,duplicate,n/a,apply,False,24,25,0.0,False
1020,no_gating,1020,status::Feature_X::8,duplicate,n/a,apply,False,36,37,0.0,False
1021,no_gating,1021,status::Feature_X::8,contradiction,n/a,apply,True,37,38,0.0,False
1022,no_gating,1022,magnitude::the_budget::13,duplicate,n/a,apply,False,27,28,0.0,False
1023,no_gating,1023,status::the_offline_mode::23,duplicate,n/a,apply,False,19,20,0.0,False
1024,no_gating,1024,magnitude::the_storage_quota::31,update,n/a,apply,False,37,38,0.0,False
1025,no_gating,1025,ship_date::the_partner_integration::15,duplicate,n/a,apply,False,18,19,0.0,False
1026,no_gating,1026,ship_date::the_onboarding_revamp::27,refinement,n/a,apply,False,30,31,0.0,False
1027,no_gating,1027,magnitude::the_infra_budget::34,update,n/a,apply,False,27,28,0.0,False
1028,no_gating,1028,status::the_referral_program::11,update,n/a,apply,True,27,28,0.0,False
1029,no_gating,1029,ship_date::the_partner_integration::15,duplicate,n/a,apply,False,19,20,0.0,False
1030,no_gating,1030,magnitude::the_marketing_spend::4,duplicate,n/a,apply,False,27,28,0.0,False
1031,no_gating,1031,ship_date::the_data_migration::33,refinement,n/a,apply,False,26,27,0.0,False
1032,no_gating,1032,magnitude::the_storage_quota::19,duplicate,n/a,apply,False,32,33,0.0,False
1033,no_gating,1033,ship_date::the_beta_rollout::12,contradiction,n/a,apply,True,26,27,0.0,False
1034,no_gating,1034,magnitude::the_budget::1,refinement,n/a,apply,True,27,28,0.0,False
1035,no_gating,1035,status::the_dark_mode_rollout::5,contradiction,n/a,apply,True,23,24,0.0,False
1036,no_gating,1036,ship_date::the_onboarding_revamp::3,duplicate,n/a,apply,False,19,20,0.0,False
1037,no_gating,1037,ship_date::the_beta_rollout::24,update,n/a,apply,False,20,21,0.0,False
1038,no_gating,1038,ship_date::the_API_migration::0,duplicate,n/a,apply,False,32,33,0.0,False
1039,no_gating,1039,ship_date::the_onboarding_revamp::21,update,n/a,apply,False,34,35,0.0,False
0,cosine_only,0,ship_date::the_API_migration::0,bootstrap,bootstrap,apply,False,0,1,0.0,False
1,cosine_only,1,magnitude::the_budget::1,bootstrap,bootstrap,apply,False,0,1,0.0,False
2,cosine_only,2,status::the_offline_mode::2,bootstrap,bootstrap,apply,False,0,1,0.0,False
3,cosine_only,3,ship_date::the_onboarding_revamp::3,bootstrap,bootstrap,apply,False,0,1,0.0,False
4,cosine_only,4,magnitude::the_marketing_spend::4,bootstrap,bootstrap,apply,False,0,1,0.0,False
5,cosine_only,5,status::the_dark_mode_rollout::5,bootstrap,bootstrap,apply,False,0,1,0.0,False
6,cosine_only,6,ship_date::the_partner_integration::6,bootstrap,bootstrap,apply,False,0,1,0.0,False
7,cosine_only,7,magnitude::the_budget::7,bootstrap,bootstrap,apply,False,0,1,0.0,False
8,cosine_only,8,status::Feature_X::8,bootstrap,bootstrap,apply,False,0,1,0.0,False
9,cosine_only,9,ship_date::the_vendor_contract_renewal::9,bootstrap,bootstrap,apply,False,0,1,0.0,False
10,cosine_only,10,magnitude::the_support_queue::10,bootstrap,bootstrap,apply,False,0,1,0.0,False
11,cosine_only,11,status::the_referral_program::11,bootstrap,bootstrap,apply,False,0,1,0.0,False
12,cosine_only,12,ship_date::the_beta_rollout::12,bootstrap,bootstrap,apply,False,0,1,0.0,False
13,cosine_only,13,magnitude::the_budget::13,bootstrap,bootstrap,apply,False,0,1,0.0,False
14,cosine_only,14,status::the_dark_mode_rollout::14,bootstrap,bootstrap,apply,False,0,1,0.0,False
15,cosine_only,15,ship_date::the_partner_integration::15,bootstrap,bootstrap,apply,False,0,1,0.0,False
16,cosine_only,16,magnitude::the_headcount_plan::16,bootstrap,bootstrap,apply,False,0,1,0.0,False
17,cosine_only,17,status::the_export_tool::17,bootstrap,bootstrap,apply,False,0,1,0.0,False
18,cosine_only,18,ship_date::the_vendor_contract_renewal::18,bootstrap,bootstrap,apply,False,0,1,0.0,False
19,cosine_only,19,magnitude::the_storage_quota::19,bootstrap,bootstrap,apply,False,0,1,0.0,False
20,cosine_only,20,status::the_dark_mode_rollout::20,bootstrap,bootstrap,apply,False,0,1,0.0,False
21,cosine_only,21,ship_date::the_onboarding_revamp::21,bootstrap,bootstrap,apply,False,0,1,0.0,False
22,cosine_only,22,magnitude::the_storage_quota::22,bootstrap,bootstrap,apply,False,0,1,0.0,False
23,cosine_only,23,status::the_offline_mode::23,bootstrap,bootstrap,apply,False,0,1,0.0,False
24,cosine_only,24,ship_date::the_beta_rollout::24,bootstrap,bootstrap,apply,False,0,1,0.0,False
25,cosine_only,25,magnitude::the_infra_budget::25,bootstrap,bootstrap,apply,False,0,1,0.0,False
26,cosine_only,26,status::the_audit_log_feature::26,bootstrap,bootstrap,apply,False,0,1,0.0,False
27,cosine_only,27,ship_date::the_onboarding_revamp::27,bootstrap,bootstrap,apply,False,0,1,0.0,False
28,cosine_only,28,magnitude::the_headcount_plan::28,bootstrap,bootstrap,apply,False,0,1,0.0,False
29,cosine_only,29,status::the_dark_mode_rollout::29,bootstrap,bootstrap,apply,False,0,1,0.0,False
30,cosine_only,30,ship_date::the_data_migration::30,bootstrap,bootstrap,apply,False,0,1,0.0,False
31,cosine_only,31,magnitude::the_storage_quota::31,bootstrap,bootstrap,apply,False,0,1,0.0,False
32,cosine_only,32,status::the_dark_mode_rollout::32,bootstrap,bootstrap,apply,False,0,1,0.0,False
33,cosine_only,33,ship_date::the_data_migration::33,bootstrap,bootstrap,apply,False,0,1,0.0,False
34,cosine_only,34,magnitude::the_infra_budget::34,bootstrap,bootstrap,apply,False,0,1,0.0,False
35,cosine_only,35,status::the_offline_mode::35,bootstrap,bootstrap,apply,False,0,1,0.0,False
36,cosine_only,36,ship_date::the_Q3_roadmap_review::36,bootstrap,bootstrap,apply,False,0,1,0.0,False
37,cosine_only,37,magnitude::the_storage_quota::37,bootstrap,bootstrap,apply,False,0,1,0.0,False
38,cosine_only,38,status::the_offline_mode::38,bootstrap,bootstrap,apply,False,0,1,0.0,False
39,cosine_only,39,ship_date::the_partner_integration::39,bootstrap,bootstrap,apply,False,0,1,0.0,False
40,cosine_only,40,status::the_offline_mode::2,duplicate,refinement,merge,False,1,2,24295.624600024894,False
41,cosine_only,41,status::the_offline_mode::38,duplicate,duplicate,drop,False,1,1,21.951699978671968,False
42,cosine_only,42,ship_date::the_data_migration::33,contradiction,duplicate,drop,True,1,1,17.43850001366809,False
43,cosine_only,43,ship_date::the_beta_rollout::12,refinement,refinement,merge,False,1,2,24.552199989557266,False
44,cosine_only,44,status::the_dark_mode_rollout::32,refinement,duplicate,drop,False,1,1,23.760000010952353,False
45,cosine_only,45,ship_date::the_onboarding_revamp::27,refinement,refinement,merge,False,1,2,39.53700000420213,False
46,cosine_only,46,ship_date::the_vendor_contract_renewal::18,contradiction,duplicate,drop,True,1,1,18.889499944634736,False
47,cosine_only,47,ship_date::the_partner_integration::6,refinement,duplicate,drop,False,1,1,28.86590000707656,False
48,cosine_only,48,status::the_dark_mode_rollout::32,update,refinement,merge,False,1,2,18.39129999279976,False
49,cosine_only,49,status::the_referral_program::11,contradiction,refinement,merge,True,1,2,18.24730000225827,False
50,cosine_only,50,ship_date::the_data_migration::30,contradiction,duplicate,drop,True,1,1,14.977799961343408,False
51,cosine_only,51,magnitude::the_storage_quota::31,update,refinement,merge,False,1,2,20.6758999847807,False
52,cosine_only,52,status::the_audit_log_feature::26,update,refinement,merge,False,1,2,19.74830002291128,False
53,cosine_only,53,status::the_dark_mode_rollout::5,contradiction,duplicate,drop,True,1,1,19.96740000322461,False
54,cosine_only,54,magnitude::the_storage_quota::37,duplicate,refinement,merge,False,1,2,18.221099977381527,False
55,cosine_only,55,status::the_dark_mode_rollout::5,refinement,duplicate,drop,False,1,1,18.931099970359355,False
56,cosine_only,56,magnitude::the_budget::7,duplicate,refinement,merge,False,1,2,16.992199991364032,False
57,cosine_only,57,magnitude::the_infra_budget::34,update,refinement,merge,False,1,2,18.41189997503534,False
58,cosine_only,58,magnitude::the_storage_quota::22,update,refinement,merge,False,1,2,17.55099999718368,False
59,cosine_only,59,ship_date::the_Q3_roadmap_review::36,update,duplicate,drop,False,1,1,24.169900047127157,False
60,cosine_only,60,status::Feature_X::8,update,duplicate,drop,False,1,1,16.111499979160726,False
61,cosine_only,61,status::Feature_X::8,refinement,refinement,merge,False,1,2,19.461999996565282,False
62,cosine_only,62,status::the_dark_mode_rollout::32,contradiction,refinement,merge,True,2,3,20.067300007212907,False
63,cosine_only,63,status::the_audit_log_feature::26,duplicate,duplicate,drop,False,2,2,19.23880004324019,False
64,cosine_only,64,status::Feature_X::8,update,duplicate,drop,False,2,2,17.851400014478713,False
65,cosine_only,65,magnitude::the_storage_quota::19,contradiction,duplicate,drop,True,1,1,19.33619996998459,False
66,cosine_only,66,ship_date::the_vendor_contract_renewal::9,refinement,refinement,merge,False,1,2,20.279899996239692,False
67,cosine_only,67,ship_date::the_API_migration::0,duplicate,refinement,merge,False,1,2,18.09019997017458,False
68,cosine_only,68,ship_date::the_beta_rollout::24,contradiction,update,apply,True,1,2,16.02029998321086,False
69,cosine_only,69,magnitude::the_storage_quota::22,duplicate,duplicate,drop,False,2,2,18.109999946318567,False
70,cosine_only,70,magnitude::the_budget::1,update,update,apply,True,1,2,17.84159999806434,False
71,cosine_only,71,magnitude::the_storage_quota::19,refinement,refinement,merge,False,1,2,20.187099988106638,False
72,cosine_only,72,magnitude::the_storage_quota::31,contradiction,refinement,merge,True,2,3,21.310899988748133,False
73,cosine_only,73,magnitude::the_support_queue::10,refinement,update,apply,False,1,2,20.27729997644201,False
74,cosine_only,74,ship_date::the_onboarding_revamp::27,refinement,duplicate,drop,False,2,2,18.61370005644858,False
75,cosine_only,75,status::the_dark_mode_rollout::14,refinement,refinement,merge,False,1,2,22.337699949275702,False
76,cosine_only,76,magnitude::the_infra_budget::25,duplicate,refinement,merge,False,1,2,17.824399983510375,False
77,cosine_only,77,status::the_referral_program::11,duplicate,refinement,merge,False,2,3,15.16140002058819,False
78,cosine_only,78,magnitude::the_infra_budget::34,duplicate,refinement,merge,False,2,3,17.3687000060454,False
79,cosine_only,79,ship_date::the_onboarding_revamp::3,contradiction,duplicate,drop,True,1,1,16.521700017619878,False
80,cosine_only,80,ship_date::the_beta_rollout::12,contradiction,duplicate,drop,True,2,2,16.3258999818936,False
81,cosine_only,81,magnitude::the_budget::1,update,refinement,merge,False,2,3,17.097200034186244,False
82,cosine_only,82,ship_date::the_data_migration::33,duplicate,refinement,merge,False,1,2,16.781100013758987,False
83,cosine_only,83,status::Feature_X::8,contradiction,duplicate,drop,True,2,2,18.985599977895617,False
84,cosine_only,84,status::the_referral_program::11,duplicate,refinement,merge,False,3,4,16.21039997553453,False
85,cosine_only,85,ship_date::the_onboarding_revamp::27,refinement,update,apply,False,2,3,22.946699988096952,False
86,cosine_only,86,ship_date::the_beta_rollout::24,contradiction,duplicate,drop,True,2,2,17.138499999418855,False
87,cosine_only,87,status::the_referral_program::11,duplicate,update,apply,False,4,5,18.75529997050762,False
88,cosine_only,88,magnitude::the_storage_quota::31,duplicate,refinement,merge,False,3,4,19.80889996048063,False
89,cosine_only,89,status::the_audit_log_feature::26,contradiction,refinement,merge,True,2,3,18.400800006929785,False
90,cosine_only,90,status::the_referral_program::11,duplicate,update,apply,False,5,6,15.885300002992153,False
91,cosine_only,91,ship_date::the_data_migration::30,refinement,refinement,merge,False,1,2,18.74789997236803,False
92,cosine_only,92,ship_date::the_data_migration::33,refinement,refinement,merge,False,2,3,20.020099997054785,False
93,cosine_only,93,magnitude::the_budget::13,update,refinement,merge,False,1,2,17.147400008980185,False
94,cosine_only,94,ship_date::the_onboarding_revamp::21,contradiction,duplicate,drop,True,1,1,19.497099972795695,False
95,cosine_only,95,status::the_referral_program::11,refinement,refinement,merge,False,6,7,21.934299962595105,False
96,cosine_only,96,magnitude::the_support_queue::10,refinement,update,apply,False,2,3,17.922399973031133,False
97,cosine_only,97,magnitude::the_infra_budget::34,update,refinement,merge,False,3,4,17.337999946903437,False
98,cosine_only,98,status::the_offline_mode::35,update,refinement,merge,False,1,2,18.76920001814142,False
99,cosine_only,99,ship_date::the_Q3_roadmap_review::36,update,duplicate,drop,False,1,1,18.387500022072345,False
100,cosine_only,100,status::Feature_X::8,update,duplicate,drop,False,2,2,17.84159999806434,False
101,cosine_only,101,ship_date::the_onboarding_revamp::27,duplicate,refinement,merge,False,3,4,17.710399988573045,False
102,cosine_only,102,ship_date::the_onboarding_revamp::3,duplicate,duplicate,drop,False,1,1,16.834300011396408,False
103,cosine_only,103,status::the_referral_program::11,update,update,apply,False,7,8,16.4132000063546,False
104,cosine_only,104,status::the_dark_mode_rollout::20,duplicate,refinement,merge,False,1,2,17.877600039355457,False
105,cosine_only,105,magnitude::the_marketing_spend::4,duplicate,refinement,merge,False,1,2,19.732399960048497,False
106,cosine_only,106,status::the_dark_mode_rollout::20,duplicate,refinement,merge,False,2,3,36.33370000170544,False
107,cosine_only,107,magnitude::the_headcount_plan::16,duplicate,refinement,merge,False,1,2,16.95560000371188,False
108,cosine_only,108,status::the_audit_log_feature::26,duplicate,refinement,merge,False,3,4,17.928099958226085,False
109,cosine_only,109,magnitude::the_headcount_plan::16,contradiction,refinement,merge,True,2,3,16.343099996447563,False
110,cosine_only,110,ship_date::the_onboarding_revamp::3,contradiction,refinement,merge,True,1,2,18.42690003104508,False
111,cosine_only,111,magnitude::the_storage_quota::19,duplicate,refinement,merge,False,2,3,17.984499980229884,False
112,cosine_only,112,status::the_offline_mode::35,duplicate,refinement,merge,False,2,3,20.853299996815622,False
113,cosine_only,113,magnitude::the_storage_quota::22,refinement,refinement,merge,False,2,3,19.816000014543533,False
114,cosine_only,114,ship_date::the_partner_integration::39,refinement,duplicate,drop,True,1,1,19.114899972919375,False
115,cosine_only,115,magnitude::the_budget::13,refinement,refinement,merge,False,2,3,23.06849998421967,False
116,cosine_only,116,magnitude::the_budget::7,refinement,refinement,merge,False,2,3,18.43579998239875,False
117,cosine_only,117,magnitude::the_headcount_plan::16,contradiction,refinement,merge,True,3,4,19.381199963390827,False
118,cosine_only,118,magnitude::the_storage_quota::22,duplicate,refinement,merge,False,3,4,21.360600017942488,False
119,cosine_only,119,ship_date::the_onboarding_revamp::27,duplicate,duplicate,drop,False,4,4,17.55089999642223,False
120,cosine_only,120,ship_date::the_vendor_contract_renewal::18,contradiction,duplicate,drop,True,1,1,16.857199952937663,False
121,cosine_only,121,magnitude::the_budget::7,refinement,refinement,merge,False,3,4,17.917799996212125,False
122,cosine_only,122,magnitude::the_storage_quota::37,refinement,refinement,merge,False,2,3,19.365199957974255,False
123,cosine_only,123,ship_date::the_onboarding_revamp::21,refinement,refinement,merge,False,1,2,19.089300010818988,False
124,cosine_only,124,magnitude::the_budget::7,duplicate,duplicate,drop,False,4,4,15.168199955951422,False
125,cosine_only,125,magnitude::the_budget::7,duplicate,duplicate,drop,False,4,4,15.352900023572147,False
126,cosine_only,126,status::Feature_X::8,duplicate,update,apply,False,2,3,18.589999992400408,False
127,cosine_only,127,status::the_offline_mode::38,refinement,duplicate,drop,False,1,1,19.254400045610964,False
128,cosine_only,128,magnitude::the_budget::1,update,duplicate,drop,False,3,3,17.068399989511818,False
129,cosine_only,129,ship_date::the_beta_rollout::24,refinement,refinement,merge,False,2,3,23.602799978107214,False
130,cosine_only,130,status::the_dark_mode_rollout::14,update,duplicate,drop,False,2,2,17.946199979633093,False
131,cosine_only,131,magnitude::the_budget::1,duplicate,refinement,merge,False,3,4,17.75229995837435,False
132,cosine_only,132,magnitude::the_infra_budget::34,update,duplicate,drop,False,4,4,17.02229998772964,False
133,cosine_only,133,ship_date::the_vendor_contract_renewal::9,contradiction,duplicate,drop,True,2,2,17.651100002694875,False
134,cosine_only,134,status::the_export_tool::17,duplicate,duplicate,drop,False,1,1,17.389099986758083,False
135,cosine_only,135,status::the_audit_log_feature::26,refinement,duplicate,drop,False,4,4,24.694600026123226,False
136,cosine_only,136,magnitude::the_storage_quota::37,refinement,refinement,merge,True,3,4,27.518299990333617,False
137,cosine_only,137,status::the_dark_mode_rollout::32,refinement,duplicate,drop,False,3,3,24.07310000853613,False
138,cosine_only,138,ship_date::the_data_migration::33,refinement,refinement,merge,False,3,4,19.02100001461804,False
139,cosine_only,139,ship_date::the_API_migration::0,refinement,duplicate,drop,False,2,2,20.322700031101704,False
140,cosine_only,140,ship_date::the_onboarding_revamp::3,duplicate,update,apply,False,2,3,18.108999996911734,False
141,cosine_only,141,status::the_dark_mode_rollout::32,contradiction,refinement,merge,True,3,4,19.950199988670647,False
142,cosine_only,142,magnitude::the_infra_budget::25,contradiction,refinement,merge,True,2,3,14.970000018365681,False
143,cosine_only,143,status::the_dark_mode_rollout::14,contradiction,duplicate,drop,True,2,2,16.08149998355657,False
144,cosine_only,144,status::the_export_tool::17,refinement,refinement,merge,False,1,2,18.410699965897948,False
145,cosine_only,145,magnitude::the_storage_quota::22,duplicate,refinement,merge,False,4,5,20.228700013831258,False
146,cosine_only,146,status::the_dark_mode_rollout::29,refinement,refinement,merge,False,1,2,24.394200008828193,False
147,cosine_only,147,magnitude::the_storage_quota::37,refinement,refinement,merge,False,4,5,21.69209998100996,False
148,cosine_only,148,status::the_audit_log_feature::26,duplicate,refinement,merge,False,4,5,23.95040000556037,False
149,cosine_only,149,ship_date::the_API_migration::0,duplicate,refinement,merge,False,2,3,20.93340002465993,False
150,cosine_only,150,ship_date::the_data_migration::33,contradiction,duplicate,drop,True,4,4,19.907799956854433,False
151,cosine_only,151,status::the_offline_mode::2,refinement,duplicate,drop,False,2,2,24.193799996282905,False
152,cosine_only,152,status::the_offline_mode::23,duplicate,refinement,merge,False,1,2,19.522099988535047,False
153,cosine_only,153,magnitude::the_headcount_plan::16,refinement,refinement,merge,False,4,5,19.272400008048862,False
154,cosine_only,154,magnitude::the_budget::1,update,refinement,merge,False,4,5,21.117100026458502,False
155,cosine_only,155,magnitude::the_storage_quota::37,update,update,apply,False,5,6,22.519699996337295,False
156,cosine_only,156,ship_date::the_beta_rollout::24,contradiction,duplicate,drop,True,3,3,20.150900003500283,False
157,cosine_only,157,ship_date::the_data_migration::33,contradiction,duplicate,drop,True,4,4,17.513700004201382,False
158,cosine_only,158,status::the_dark_mode_rollout::32,update,refinement,merge,False,4,5,20.171099982690066,False
159,cosine_only,159,ship_date::the_beta_rollout::24,duplicate,duplicate,drop,False,3,3,18.175500037614256,False
160,cosine_only,160,magnitude::the_headcount_plan::16,refinement,refinement,merge,False,5,6,17.817300045862794,False
161,cosine_only,161,ship_date::the_beta_rollout::12,update,duplicate,drop,False,2,2,17.81940000364557,False
162,cosine_only,162,ship_date::the_vendor_contract_renewal::18,duplicate,duplicate,drop,False,1,1,16.144499997608364,False
163,cosine_only,163,ship_date::the_beta_rollout::24,refinement,refinement,merge,False,3,4,18.858199997339398,False
164,cosine_only,164,ship_date::the_API_migration::0,update,duplicate,drop,False,3,3,18.910600047092885,False
165,cosine_only,165,ship_date::the_onboarding_revamp::27,refinement,refinement,merge,False,4,5,20.65200003562495,False
166,cosine_only,166,magnitude::the_infra_budget::34,update,duplicate,drop,False,4,4,17.753200023435056,False
167,cosine_only,167,status::the_dark_mode_rollout::20,duplicate,update,apply,False,3,4,19.678099954035133,False
168,cosine_only,168,magnitude::the_support_queue::10,refinement,refinement,merge,True,3,4,19.40609997836873,False
169,cosine_only,169,ship_date::the_API_migration::0,refinement,duplicate,drop,False,3,3,20.58999997097999,False
170,cosine_only,170,magnitude::the_storage_quota::19,duplicate,refinement,merge,False,3,4,17.03689998248592,False
171,cosine_only,171,ship_date::the_vendor_contract_renewal::9,duplicate,duplicate,drop,False,2,2,15.705399971920997,False
172,cosine_only,172,ship_date::the_partner_integration::15,refinement,refinement,merge,False,1,2,18.74379999935627,False
173,cosine_only,173,magnitude::the_storage_quota::31,contradiction,refinement,merge,True,4,5,20.644000032916665,False
174,cosine_only,174,magnitude::the_marketing_spend::4,contradiction,update,apply,True,2,3,16.662899986840785,False
175,cosine_only,175,magnitude::the_storage_quota::19,duplicate,refinement,merge,False,4,5,16.81480003753677,False
176,cosine_only,176,magnitude::the_storage_quota::22,update,duplicate,drop,False,5,5,19.74700001301244,False
177,cosine_only,177,ship_date::the_data_migration::33,duplicate,refinement,merge,False,4,5,17.02229998772964,False
178,cosine_only,178,magnitude::the_storage_quota::22,duplicate,refinement,merge,False,5,6,20.537100033834577,False
179,cosine_only,179,status::the_dark_mode_rollout::29,update,refinement,merge,False,2,3,22.023700003046542,False
180,cosine_only,180,magnitude::the_marketing_spend::4,refinement,contradiction,blocked,False,3,3,18.963900045491755,False
181,cosine_only,181,magnitude::the_storage_quota::31,duplicate,refinement,merge,False,5,6,18.12760002212599,False
182,cosine_only,182,magnitude::the_headcount_plan::16,update,refinement,merge,False,6,7,18.745499954093248,False
183,cosine_only,183,ship_date::the_onboarding_revamp::27,duplicate,update,apply,False,5,6,18.418800027575344,False
184,cosine_only,184,ship_date::the_onboarding_revamp::21,refinement,duplicate,drop,False,2,2,19.93050001328811,False
185,cosine_only,185,magnitude::the_storage_quota::31,contradiction,refinement,merge,True,6,7,20.747700007632375,False
186,cosine_only,186,ship_date::the_beta_rollout::12,refinement,duplicate,drop,False,2,2,18.021199968643486,False
187,cosine_only,187,magnitude::the_storage_quota::22,duplicate,refinement,merge,False,6,7,52.233199996408075,False
188,cosine_only,188,magnitude::the_storage_quota::22,update,refinement,merge,False,7,8,26.146899966988713,False
189,cosine_only,189,magnitude::the_budget::13,refinement,refinement,merge,False,3,4,27.423999970778823,False
190,cosine_only,190,status::Feature_X::8,update,duplicate,drop,False,3,3,22.015900001861155,False
191,cosine_only,191,magnitude::the_budget::7,refinement,refinement,merge,False,4,5,25.608800002373755,False
192,cosine_only,192,magnitude::the_headcount_plan::28,update,refinement,merge,False,1,2,59.96969999978319,False
193,cosine_only,193,status::the_dark_mode_rollout::14,update,duplicate,drop,False,2,2,18.575399997644126,False
194,cosine_only,194,magnitude::the_budget::7,duplicate,duplicate,drop,False,5,5,18.19859998067841,False
195,cosine_only,195,ship_date::the_Q3_roadmap_review::36,duplicate,refinement,merge,False,1,2,26.99059998849407,False
196,cosine_only,196,magnitude::the_infra_budget::25,refinement,update,apply,False,3,4,20.769900002051145,False
197,cosine_only,197,ship_date::the_onboarding_revamp::21,refinement,duplicate,drop,False,2,2,17.86209997953847,False
198,cosine_only,198,magnitude::the_storage_quota::31,refinement,refinement,merge,False,7,8,22.78120000846684,False
199,cosine_only,199,magnitude::the_infra_budget::34,update,update,apply,False,4,5,20.438099978491664,False
200,cosine_only,200,ship_date::the_onboarding_revamp::21,refinement,refinement,merge,True,2,3,19.334100012201816,False
201,cosine_only,201,ship_date::the_API_migration::0,update,refinement,merge,False,3,4,22.729799966327846,False
202,cosine_only,202,ship_date::the_onboarding_revamp::21,duplicate,duplicate,drop,False,3,3,17.614300013519824,False
203,cosine_only,203,ship_date::the_partner_integration::39,refinement,refinement,merge,False,1,2,19.151499960571527,False
204,cosine_only,204,ship_date::the_data_migration::30,update,duplicate,drop,False,2,2,15.465700009372085,False
205,cosine_only,205,status::the_offline_mode::2,refinement,refinement,merge,False,2,3,22.457799990661442,False
206,cosine_only,206,status::the_export_tool::17,update,update,apply,False,2,3,18.848499981686473,False
207,cosine_only,207,status::the_dark_mode_rollout::29,update,duplicate,drop,False,3,3,22.470899973995984,False
208,cosine_only,208,status::the_offline_mode::23,update,update,apply,True,2,3,20.62069997191429,False
209,cosine_only,209,magnitude::the_infra_budget::34,update,update,apply,False,5,6,20.921199989970773,False
210,cosine_only,210,status::the_dark_mode_rollout::14,duplicate,refinement,merge,False,2,3,20.020299998577684,False
211,cosine_only,211,magnitude::the_budget::13,contradiction,update,apply,True,4,5,18.774500000290573,False
212,cosine_only,212,magnitude::the_storage_quota::19,update,refinement,merge,True,5,6,19.611800031270832,False
213,cosine_only,213,magnitude::the_storage_quota::37,update,update,apply,False,6,7,20.050899998750538,False
214,cosine_only,214,status::the_audit_log_feature::26,duplicate,duplicate,drop,False,5,5,20.31590003753081,False
215,cosine_only,215,status::the_offline_mode::35,duplicate,duplicate,drop,False,3,3,20.968199998605996,False
216,cosine_only,216,status::the_dark_mode_rollout::14,update,refinement,merge,False,3,4,24.612900044303387,False
217,cosine_only,217,ship_date::the_onboarding_revamp::21,contradiction,update,apply,True,3,4,20.596500020474195,False
218,cosine_only,218,status::the_offline_mode::38,refinement,refinement,merge,False,1,2,19.833400030620396,False
219,cosine_only,219,status::the_dark_mode_rollout::20,refinement,refinement,merge,False,4,5,20.642699964810163,False
220,cosine_only,220,magnitude::the_storage_quota::31,duplicate,refinement,merge,False,8,9,19.661400001496077,False
221,cosine_only,221,ship_date::the_data_migration::30,duplicate,refinement,merge,False,2,3,18.39109999127686,False
222,cosine_only,222,magnitude::the_headcount_plan::16,update,duplicate,drop,False,7,7,17.71400001598522,False
223,cosine_only,223,status::the_export_tool::17,duplicate,refinement,merge,False,3,4,20.683599985204637,False
224,cosine_only,224,magnitude::the_infra_budget::25,refinement,update,apply,False,4,5,20.212400006130338,False
225,cosine_only,225,status::the_audit_log_feature::26,refinement,duplicate,drop,False,5,5,23.069399991072714,False
226,cosine_only,226,status::the_dark_mode_rollout::32,update,refinement,merge,False,5,6,20.603900018613786,False
227,cosine_only,227,magnitude::the_storage_quota::19,update,duplicate,drop,False,6,6,15.933999966364354,False
228,cosine_only,228,status::the_dark_mode_rollout::32,duplicate,duplicate,drop,False,6,6,19.628799986094236,False
229,cosine_only,229,status::the_offline_mode::38,contradiction,duplicate,drop,True,2,2,18.233700015116483,False
230,cosine_only,230,status::the_dark_mode_rollout::20,refinement,duplicate,drop,False,5,5,19.56590003101155,False
231,cosine_only,231,magnitude::the_marketing_spend::4,refinement,refinement,merge,False,3,4,16.499500023201108,False
232,cosine_only,232,status::the_referral_program::11,contradiction,update,apply,True,8,9,16.475000011269003,False
233,cosine_only,233,ship_date::the_data_migration::33,update,refinement,merge,False,5,6,16.330000013113022,False
234,cosine_only,234,status::the_offline_mode::38,update,refinement,merge,False,2,3,18.999200023245066,False
235,cosine_only,235,ship_date::the_partner_integration::15,duplicate,refinement,merge,False,2,3,20.064499985892326,False
236,cosine_only,236,status::the_dark_mode_rollout::32,duplicate,refinement,merge,False,6,7,20.348800055216998,False
237,cosine_only,237,status::Feature_X::8,contradiction,duplicate,drop,True,3,3,16.382800007704645,False
238,cosine_only,238,status::the_export_tool::17,refinement,duplicate,drop,False,4,4,22.654599975794554,False
239,cosine_only,239,status::Feature_X::8,update,refinement,merge,False,3,4,16.75559999421239,False
240,cosine_only,240,status::the_dark_mode_rollout::20,update,refinement,merge,False,5,6,21.431900036986917,False
241,cosine_only,241,magnitude::the_infra_budget::34,update,update,apply,False,6,7,19.757600035518408,False
242,cosine_only,242,status::the_offline_mode::38,duplicate,update,apply,False,3,4,18.261599994730204,False
243,cosine_only,243,ship_date::the_vendor_contract_renewal::9,refinement,refinement,merge,False,2,3,20.1231999672018,False
244,cosine_only,244,ship_date::the_Q3_roadmap_review::36,duplicate,refinement,merge,False,2,3,19.731600012164563,False
245,cosine_only,245,status::the_offline_mode::2,duplicate,refinement,merge,False,3,4,15.781499969307333,False
246,cosine_only,246,magnitude::the_storage_quota::19,duplicate,update,apply,False,6,7,17.959500022698194,False
247,cosine_only,247,status::the_referral_program::11,contradiction,update,apply,True,9,10,16.926899959798902,False
248,cosine_only,248,magnitude::the_infra_budget::34,duplicate,duplicate,drop,False,7,7,14.297000016085804,False
249,cosine_only,249,status::Feature_X::8,update,duplicate,drop,False,4,4,19.34260001871735,False
250,cosine_only,250,ship_date::the_onboarding_revamp::3,duplicate,duplicate,drop,False,3,3,15.393999987281859,False
251,cosine_only,251,ship_date::the_vendor_contract_renewal::9,update,duplicate,drop,False,3,3,17.959300021175295,False
252,cosine_only,252,magnitude::the_infra_budget::34,refinement,refinement,merge,False,7,8,20.19570005359128,False
253,cosine_only,253,status::the_dark_mode_rollout::32,refinement,refinement,merge,False,7,8,23.006000032182783,False
254,cosine_only,254,status::the_dark_mode_rollout::29,refinement,refinement,merge,False,3,4,20.5648000119254,False
255,cosine_only,255,status::the_dark_mode_rollout::20,refinement,duplicate,drop,False,6,6,22.48169999802485,False
256,cosine_only,256,ship_date::the_data_migration::30,refinement,refinement,merge,True,3,4,17.516099964268506,False
257,cosine_only,257,magnitude::the_headcount_plan::16,refinement,update,apply,False,7,8,18.612399988342077,False
258,cosine_only,258,status::the_dark_mode_rollout::32,duplicate,refinement,merge,False,8,9,23.138599994126707,False
259,cosine_only,259,status::the_dark_mode_rollout::5,duplicate,duplicate,drop,False,1,1,17.7776999771595,False
260,cosine_only,260,ship_date::the_onboarding_revamp::27,refinement,duplicate,drop,False,6,6,17.845399968791753,False
261,cosine_only,261,ship_date::the_partner_integration::15,update,duplicate,drop,False,3,3,19.281000015325844,False
262,cosine_only,262,magnitude::the_support_queue::10,duplicate,update,apply,False,4,5,19.19290004298091,False
263,cosine_only,263,ship_date::the_onboarding_revamp::27,refinement,refinement,merge,False,6,7,27.763099991716444,False
264,cosine_only,264,status::the_offline_mode::23,refinement,refinement,merge,False,3,4,27.781100012362003,False
265,cosine_only,265,magnitude::the_headcount_plan::28,contradiction,update,apply,True,2,3,24.667499994393438,False
266,cosine_only,266,status::the_dark_mode_rollout::5,update,update,apply,False,1,2,21.196499990765005,False
267,cosine_only,267,ship_date::the_beta_rollout::12,duplicate,refinement,merge,False,2,3,21.88929996918887,False
268,cosine_only,268,status::the_dark_mode_rollout::5,duplicate,update,apply,False,2,3,23.49099999992177,False
269,cosine_only,269,ship_date::the_partner_integration::39,refinement,refinement,merge,False,2,3,23.63890002015978,False
270,cosine_only,270,magnitude::the_budget::13,duplicate,update,apply,False,5,6,19.461799995042384,False
271,cosine_only,271,ship_date::the_beta_rollout::12,update,duplicate,drop,False,3,3,15.589800023008138,False
272,cosine_only,272,ship_date::the_vendor_contract_renewal::9,duplicate,refinement,merge,False,3,4,20.465700014028698,False
273,cosine_only,273,status::the_export_tool::17,update,update,apply,False,4,5,19.51710000867024,False
274,cosine_only,274,ship_date::the_API_migration::0,refinement,duplicate,drop,False,4,4,25.24479996645823,False
275,cosine_only,275,status::the_export_tool::17,refinement,refinement,merge,False,5,6,24.849999987054616,False
276,cosine_only,276,status::Feature_X::8,refinement,duplicate,drop,False,4,4,23.174799978733063,False
277,cosine_only,277,status::the_dark_mode_rollout::14,duplicate,update,apply,False,4,5,22.7603999665007,False
278,cosine_only,278,status::the_dark_mode_rollout::29,contradiction,refinement,merge,True,4,5,19.00139998178929,False
279,cosine_only,279,magnitude::the_storage_quota::37,refinement,refinement,merge,True,7,8,16.344200004823506,False
280,cosine_only,280,status::the_dark_mode_rollout::20,update,refinement,merge,False,6,7,20.29179997043684,False
281,cosine_only,281,status::the_dark_mode_rollout::5,contradiction,update,apply,True,3,4,18.068799981847405,False
282,cosine_only,282,magnitude::the_storage_quota::22,refinement,refinement,merge,False,8,9,17.53469998948276,False
283,cosine_only,283,ship_date::the_data_migration::33,update,refinement,merge,False,6,7,21.59549994394183,False
284,cosine_only,284,status::the_dark_mode_rollout::5,duplicate,refinement,merge,False,4,5,23.156400013249367,False
285,cosine_only,285,magnitude::the_marketing_spend::4,refinement,refinement,merge,False,4,5,17.75389997055754,False
286,cosine_only,286,ship_date::the_partner_integration::6,refinement,refinement,merge,False,1,2,17.719399998895824,False
287,cosine_only,287,ship_date::the_Q3_roadmap_review::36,update,duplicate,drop,False,3,3,20.505599968601018,False
288,cosine_only,288,magnitude::the_budget::1,refinement,update,apply,False,5,6,20.458899962250143,False
289,cosine_only,289,magnitude::the_budget::1,refinement,contradiction,blocked,False,6,6,19.08609998645261,False
290,cosine_only,290,magnitude::the_infra_budget::34,duplicate,refinement,merge,False,8,9,16.501299978699535,False
291,cosine_only,291,magnitude::the_budget::1,contradiction,update,apply,True,6,7,16.313200001604855,False
292,cosine_only,292,magnitude::the_marketing_spend::4,update,refinement,merge,False,5,6,16.79989998228848,False
293,cosine_only,293,ship_date::the_onboarding_revamp::21,duplicate,update,apply,False,4,5,18.92459997907281,False
294,cosine_only,294,magnitude::the_storage_quota::19,update,duplicate,drop,False,7,7,17.802299989853054,False
295,cosine_only,295,status::the_dark_mode_rollout::29,refinement,refinement,merge,False,5,6,27.484600024763495,False
296,cosine_only,296,status::the_dark_mode_rollout::32,refinement,refinement,merge,False,9,10,22.576299961656332,False
297,cosine_only,297,status::the_offline_mode::2,refinement,duplicate,drop,False,4,4,19.325000001117587,False
298,cosine_only,298,magnitude::the_headcount_plan::28,refinement,refinement,merge,False,3,4,23.51289999205619,False
299,cosine_only,299,ship_date::the_data_migration::30,duplicate,refinement,merge,False,4,5,17.485300020780414,False
300,cosine_only,300,ship_date::the_data_migration::30,refinement,duplicate,drop,False,5,5,23.036999977193773,False
301,cosine_only,301,magnitude::the_budget::13,refinement,refinement,merge,False,6,7,29.399899998679757,False
302,cosine_only,302,status::the_dark_mode_rollout::29,duplicate,update,apply,False,6,7,25.434300012420863,False
303,cosine_only,303,ship_date::the_vendor_contract_renewal::18,update,refinement,merge,False,1,2,31.648000003769994,False
304,cosine_only,304,ship_date::the_onboarding_revamp::27,refinement,refinement,merge,False,7,8,35.5316000059247,False
305,cosine_only,305,magnitude::the_storage_quota::22,refinement,refinement,merge,False,9,10,48.702700005378574,False
306,cosine_only,306,ship_date::the_data_migration::33,refinement,refinement,merge,False,7,8,28.321999998297542,False
307,cosine_only,307,magnitude::the_budget::13,refinement,refinement,merge,False,7,8,35.782799997832626,False
308,cosine_only,308,status::the_dark_mode_rollout::29,refinement,duplicate,drop,False,7,7,31.462499988265336,False
309,cosine_only,309,ship_date::the_partner_integration::6,duplicate,update,apply,False,2,3,41.49959998903796,False
310,cosine_only,310,status::the_audit_log_feature::26,update,refinement,merge,False,5,6,28.92529999371618,False
311,cosine_only,311,ship_date::the_beta_rollout::12,duplicate,refinement,merge,False,3,4,22.556999989319593,False
312,cosine_only,312,magnitude::the_support_queue::10,duplicate,refinement,merge,False,5,6,20.23439999902621,False
313,cosine_only,313,status::the_offline_mode::23,refinement,duplicate,drop,True,4,4,24.13669996894896,False
314,cosine_only,314,status::the_offline_mode::2,duplicate,refinement,merge,False,4,5,30.4813000257127,False
315,cosine_only,315,status::the_offline_mode::35,duplicate,refinement,merge,False,3,4,29.64219998102635,False
316,cosine_only,316,magnitude::the_headcount_plan::28,duplicate,refinement,merge,False,4,5,20.994800026528537,False
317,cosine_only,317,status::the_offline_mode::2,refinement,refinement,merge,False,5,6,24.375900044105947,False
318,cosine_only,318,status::the_dark_mode_rollout::29,contradiction,refinement,merge,True,7,8,19.873099983669817,False
319,cosine_only,319,status::the_dark_mode_rollout::32,update,duplicate,drop,False,10,10,24.41089996136725,False
320,cosine_only,320,ship_date::the_beta_rollout::12,duplicate,refinement,merge,False,4,5,15.534800011664629,False
321,cosine_only,321,ship_date::the_data_migration::30,update,refinement,merge,True,5,6,17.127899976912886,False
322,cosine_only,322,magnitude::the_marketing_spend::4,duplicate,refinement,merge,False,6,7,17.081900034099817,False
323,cosine_only,323,ship_date::the_API_migration::0,duplicate,duplicate,drop,False,4,4,19.81769996928051,False
324,cosine_only,324,status::the_offline_mode::2,duplicate,refinement,merge,False,6,7,19.211600010748953,False
325,cosine_only,325,magnitude::the_headcount_plan::16,refinement,refinement,merge,True,8,9,22.846900043077767,False
326,cosine_only,326,magnitude::the_support_queue::10,update,refinement,merge,False,6,7,18.601000017952174,False
327,cosine_only,327,ship_date::the_partner_integration::15,refinement,duplicate,drop,False,3,3,16.38960000127554,False
328,cosine_only,328,magnitude::the_storage_quota::22,duplicate,duplicate,drop,False,10,10,15.710600011516362,False
329,cosine_only,329,magnitude::the_infra_budget::25,duplicate,refinement,merge,False,5,6,17.18500000424683,False
330,cosine_only,330,ship_date::the_partner_integration::15,refinement,duplicate,drop,True,3,3,19.146199978422374,False
331,cosine_only,331,status::the_dark_mode_rollout::5,refinement,duplicate,drop,False,5,5,24.022199970204383,False
332,cosine_only,332,magnitude::the_support_queue::10,update,refinement,merge,False,7,8,18.12439999775961,False
333,cosine_only,333,ship_date::the_onboarding_revamp::21,duplicate,update,apply,False,5,6,18.864699988625944,False
334,cosine_only,334,magnitude::the_support_queue::10,refinement,update,apply,False,8,9,22.29500003159046,False
335,cosine_only,335,magnitude::the_marketing_spend::4,duplicate,duplicate,drop,False,7,7,16.44149998901412,False
336,cosine_only,336,status::Feature_X::8,update,duplicate,drop,False,4,4,21.06820000335574,False
337,cosine_only,337,ship_date::the_data_migration::33,refinement,refinement,merge,False,8,9,19.418600015342236,False
338,cosine_only,338,ship_date::the_data_migration::30,update,refinement,merge,False,6,7,18.75880005536601,False
339,cosine_only,339,status::the_dark_mode_rollout::20,update,update,apply,False,7,8,18.749399983789772,False
340,cosine_only,340,status::Feature_X::8,refinement,duplicate,drop,True,4,4,22.829400026239455,False
341,cosine_only,341,magnitude::the_storage_quota::31,refinement,refinement,merge,False,9,10,25.376100034918636,False
342,cosine_only,342,ship_date::the_onboarding_revamp::21,update,refinement,merge,False,6,7,20.315199973993003,False
343,cosine_only,343,magnitude::the_storage_quota::37,duplicate,refinement,merge,False,8,9,16.501799982506782,False
344,cosine_only,344,magnitude::the_headcount_plan::16,duplicate,update,apply,False,9,10,18.28600000590086,False
345,cosine_only,345,ship_date::the_beta_rollout::24,duplicate,refinement,merge,False,4,5,17.242399975657463,False
346,cosine_only,346,magnitude::the_storage_quota::19,contradiction,duplicate,drop,True,7,7,15.62650001142174,False
347,cosine_only,347,ship_date::the_Q3_roadmap_review::36,update,duplicate,drop,False,3,3,26.339200034271926,False
348,cosine_only,348,magnitude::the_budget::1,refinement,contradiction,blocked,False,7,7,19.892500014975667,False
349,cosine_only,349,status::the_dark_mode_rollout::29,update,update,apply,False,8,9,19.471700012218207,False
350,cosine_only,350,ship_date::the_data_migration::30,duplicate,refinement,merge,False,7,8,19.177000038325787,False
351,cosine_only,351,magnitude::the_support_queue::10,update,refinement,merge,False,9,10,16.89319999422878,False
352,cosine_only,352,ship_date::the_data_migration::30,contradiction,duplicate,drop,True,8,8,20.027799997478724,False
353,cosine_only,353,ship_date::the_API_migration::0,duplicate,duplicate,drop,False,4,4,22.85519998986274,False
354,cosine_only,354,magnitude::the_storage_quota::19,update,refinement,merge,False,7,8,20.919099973980337,False
355,cosine_only,355,status::the_offline_mode::38,duplicate,update,apply,False,4,5,17.873499949928373,False
356,cosine_only,356,ship_date::the_vendor_contract_renewal::9,duplicate,refinement,merge,False,4,5,17.864499997813255,False
357,cosine_only,357,ship_date::the_API_migration::0,refinement,refinement,merge,False,4,5,20.212400006130338,False
358,cosine_only,358,status::the_dark_mode_rollout::14,duplicate,update,apply,False,5,6,25.933700031600893,False
359,cosine_only,359,magnitude::the_headcount_plan::28,update,refinement,merge,False,5,6,22.1721000270918,False
360,cosine_only,360,status::the_export_tool::17,refinement,refinement,merge,False,6,7,23.53830001084134,False
361,cosine_only,361,magnitude::the_storage_quota::19,refinement,refinement,merge,False,8,9,18.168199982028455,False
362,cosine_only,362,status::the_audit_log_feature::26,update,duplicate,drop,False,6,6,19.263499998487532,False
363,cosine_only,363,magnitude::the_support_queue::10,contradiction,refinement,merge,True,10,11,19.222599978093058,False
364,cosine_only,364,magnitude::the_budget::1,update,refinement,merge,False,7,8,16.021100047510117,False
365,cosine_only,365,magnitude::the_infra_budget::25,duplicate,refinement,merge,False,6,7,16.735200013499707,False
366,cosine_only,366,status::the_dark_mode_rollout::20,duplicate,refinement,merge,False,8,9,20.4968000180088,False
367,cosine_only,367,ship_date::the_partner_integration::6,duplicate,update,apply,False,3,4,17.55089999642223,False
368,cosine_only,368,status::Feature_X::8,duplicate,refinement,merge,False,4,5,24.665099976118654,False
369,cosine_only,369,magnitude::the_infra_budget::34,update,refinement,merge,False,9,10,19.905900000594556,False
370,cosine_only,370,magnitude::the_infra_budget::34,refinement,update,apply,False,10,11,26.14299999549985,False
371,cosine_only,371,magnitude::the_headcount_plan::16,refinement,refinement,merge,False,10,11,25.62570001464337,False
372,cosine_only,372,ship_date::the_partner_integration::15,contradiction,duplicate,drop,True,3,3,19.47560004191473,False
373,cosine_only,373,status::the_offline_mode::2,refinement,refinement,merge,False,7,8,26.693699997849762,False
374,cosine_only,374,magnitude::the_storage_quota::19,update,duplicate,drop,False,9,9,21.513600018806756,False
375,cosine_only,375,status::Feature_X::8,update,refinement,merge,False,5,6,17.802399990614504,False
376,cosine_only,376,magnitude::the_storage_quota::31,refinement,refinement,merge,False,10,11,25.168299966026098,False
377,cosine_only,377,status::the_offline_mode::2,update,refinement,merge,False,8,9,19.50410002609715,False
378,cosine_only,378,status::the_offline_mode::35,refinement,refinement,merge,False,4,5,24.35770002193749,False
379,cosine_only,379,magnitude::the_infra_budget::34,refinement,update,apply,False,11,12,21.923799999058247,False
380,cosine_only,380,status::the_dark_mode_rollout::32,contradiction,refinement,merge,True,10,11,21.010999975260347,False
381,cosine_only,381,ship_date::the_partner_integration::39,duplicate,duplicate,drop,False,3,3,18.2873000157997,False
382,cosine_only,382,magnitude::the_storage_quota::22,refinement,refinement,merge,False,10,11,17.738399968948215,False
383,cosine_only,383,ship_date::the_API_migration::0,refinement,duplicate,drop,False,5,5,23.86890002526343,False
384,cosine_only,384,ship_date::the_partner_integration::39,refinement,refinement,merge,False,3,4,19.761100003961474,False
385,cosine_only,385,ship_date::the_partner_integration::15,refinement,duplicate,drop,False,3,3,17.580099985934794,False
386,cosine_only,386,magnitude::the_budget::1,refinement,refinement,merge,False,8,9,18.114499980583787,False
387,cosine_only,387,magnitude::the_storage_quota::31,duplicate,duplicate,drop,False,11,11,19.856899976730347,False
388,cosine_only,388,ship_date::the_data_migration::30,update,duplicate,drop,False,8,8,22.18379999976605,False
389,cosine_only,389,ship_date::the_beta_rollout::12,refinement,refinement,merge,False,5,6,41.67589999269694,False
390,cosine_only,390,ship_date::the_partner_integration::6,refinement,duplicate,drop,False,4,4,22.018899966496974,False
391,cosine_only,391,status::the_dark_mode_rollout::29,refinement,duplicate,drop,False,9,9,30.130899976938963,False
392,cosine_only,392,ship_date::the_partner_integration::6,update,refinement,merge,False,4,5,19.36919998843223,False
393,cosine_only,393,ship_date::the_API_migration::0,refinement,duplicate,drop,False,5,5,33.05170004023239,False
394,cosine_only,394,ship_date::the_onboarding_revamp::21,duplicate,update,apply,False,7,8,22.284200007561594,False
395,cosine_only,395,status::the_dark_mode_rollout::29,update,update,apply,False,9,10,37.09359996719286,False
396,cosine_only,396,ship_date::the_partner_integration::6,duplicate,duplicate,drop,False,5,5,20.81220003310591,False
397,cosine_only,397,ship_date::the_beta_rollout::12,update,duplicate,drop,False,6,6,25.649000017438084,False
398,cosine_only,398,ship_date::the_onboarding_revamp::21,contradiction,refinement,merge,True,8,9,24.463700014166534,False
399,cosine_only,399,status::the_dark_mode_rollout::5,duplicate,update,apply,False,5,6,20.806799991987646,False
400,cosine_only,400,ship_date::the_vendor_contract_renewal::9,refinement,refinement,merge,False,5,6,26.710999954957515,False
401,cosine_only,401,ship_date::the_partner_integration::6,contradiction,duplicate,drop,True,5,5,18.63420003792271,False
402,cosine_only,402,ship_date::the_onboarding_revamp::27,update,refinement,merge,False,8,9,19.677900010719895,False
403,cosine_only,403,status::the_dark_mode_rollout::29,duplicate,update,apply,False,10,11,20.893000008072704,False
404,cosine_only,404,magnitude::the_marketing_spend::4,refinement,update,apply,False,7,8,20.559000025969,False
405,cosine_only,405,ship_date::the_data_migration::30,duplicate,duplicate,drop,False,8,8,18.578499963041395,False
406,cosine_only,406,ship_date::the_partner_integration::6,refinement,refinement,merge,False,5,6,17.975899972952902,False
407,cosine_only,407,ship_date::the_onboarding_revamp::27,refinement,duplicate,drop,False,9,9,28.44240004196763,False
408,cosine_only,408,magnitude::the_infra_budget::34,duplicate,contradiction,blocked,False,12,12,17.11120002437383,False
409,cosine_only,409,ship_date::the_onboarding_revamp::27,refinement,duplicate,drop,False,9,9,22.27429999038577,False
410,cosine_only,410,ship_date::the_API_migration::0,contradiction,refinement,merge,True,5,6,21.298800013028085,False
411,cosine_only,411,magnitude::the_storage_quota::19,update,update,apply,False,9,10,18.991900025866926,False
412,cosine_only,412,ship_date::the_partner_integration::6,refinement,refinement,merge,False,6,7,24.290499975904822,False
413,cosine_only,413,magnitude::the_marketing_spend::4,refinement,refinement,merge,False,8,9,20.90680005494505,False
414,cosine_only,414,ship_date::the_Q3_roadmap_review::36,update,duplicate,drop,False,3,3,22.11720001650974,False
415,cosine_only,415,ship_date::the_partner_integration::39,refinement,refinement,merge,False,4,5,18.659900000784546,False
416,cosine_only,416,status::the_offline_mode::38,refinement,refinement,merge,False,5,6,23.489699990022928,False
417,cosine_only,417,magnitude::the_headcount_plan::16,refinement,update,apply,True,11,12,21.929800044745207,False
418,cosine_only,418,status::the_dark_mode_rollout::29,duplicate,update,apply,False,11,12,19.42219998454675,False
419,cosine_only,419,magnitude::the_headcount_plan::16,duplicate,update,apply,False,12,13,20.273900008760393,False
420,cosine_only,420,magnitude::the_storage_quota::37,duplicate,refinement,merge,False,9,10,19.07999999821186,False
421,cosine_only,421,magnitude::the_storage_quota::22,refinement,refinement,merge,False,11,12,18.297199974767864,False
422,cosine_only,422,magnitude::the_headcount_plan::16,refinement,refinement,merge,False,13,14,21.64190000621602,False
423,cosine_only,423,ship_date::the_partner_integration::15,contradiction,duplicate,drop,True,3,3,15.712100022938102,False
424,cosine_only,424,status::the_offline_mode::38,contradiction,refinement,merge,True,6,7,17.850599950179458,False
425,cosine_only,425,status::the_dark_mode_rollout::20,refinement,duplicate,drop,False,9,9,22.29400002397597,False
426,cosine_only,426,magnitude::the_budget::7,contradiction,refinement,merge,True,5,6,16.31269999779761,False
427,cosine_only,427,ship_date::the_onboarding_revamp::27,refinement,duplicate,drop,False,9,9,22.09199999924749,False
428,cosine_only,428,ship_date::the_partner_integration::6,update,refinement,merge,False,7,8,19.0326000447385,False
429,cosine_only,429,magnitude::the_headcount_plan::28,update,refinement,merge,False,6,7,19.55119997728616,False
430,cosine_only,430,ship_date::the_API_migration::0,refinement,refinement,merge,False,6,7,22.990799974650145,False
431,cosine_only,431,magnitude::the_storage_quota::22,refinement,refinement,merge,False,12,13,19.29949998157099,False
432,cosine_only,432,ship_date::the_API_migration::0,update,duplicate,drop,False,7,7,20.22840001154691,False
433,cosine_only,433,magnitude::the_budget::1,duplicate,refinement,merge,False,9,10,17.6841999636963,False
434,cosine_only,434,ship_date::the_vendor_contract_renewal::18,contradiction,refinement,merge,True,2,3,24.450300028547645,False
435,cosine_only,435,ship_date::the_onboarding_revamp::3,contradiction,refinement,merge,True,3,4,16.5629000402987,False
436,cosine_only,436,ship_date::the_onboarding_revamp::27,update,refinement,merge,False,9,10,25.894699967466295,False
437,cosine_only,437,magnitude::the_headcount_plan::16,contradiction,update,apply,True,14,15,18.35560001200065,False
438,cosine_only,438,ship_date::the_onboarding_revamp::3,duplicate,update,apply,False,4,5,15.768199984449893,False
439,cosine_only,439,status::the_referral_program::11,duplicate,refinement,merge,False,10,11,21.768599981442094,False
440,cosine_only,440,status::the_offline_mode::23,duplicate,refinement,merge,False,4,5,18.1808999623172,False
441,cosine_only,441,ship_date::the_partner_integration::39,contradiction,refinement,merge,True,5,6,15.824100002646446,False
442,cosine_only,442,ship_date::the_partner_integration::39,refinement,refinement,merge,False,6,7,19.27560003241524,False
443,cosine_only,443,ship_date::the_onboarding_revamp::3,update,duplicate,drop,False,5,5,17.12899998528883,False
444,cosine_only,444,status::the_dark_mode_rollout::14,contradiction,refinement,merge,True,6,7,22.189500043168664,False
445,cosine_only,445,magnitude::the_marketing_spend::4,duplicate,duplicate,drop,False,9,9,20.088399993255734,False
446,cosine_only,446,magnitude::the_marketing_spend::4,contradiction,refinement,merge,True,9,10,16.353300015907735,False
447,cosine_only,447,ship_date::the_beta_rollout::24,contradiction,duplicate,drop,True,5,5,15.26650000596419,False
448,cosine_only,448,status::the_offline_mode::35,duplicate,refinement,merge,False,5,6,18.62970000365749,False
449,cosine_only,449,ship_date::the_vendor_contract_renewal::18,update,duplicate,drop,False,3,3,21.633500000461936,False
450,cosine_only,450,magnitude::the_headcount_plan::28,refinement,duplicate,drop,False,7,7,25.790899991989136,False
451,cosine_only,451,magnitude::the_storage_quota::19,duplicate,duplicate,drop,False,10,10,18.17769999615848,False
452,cosine_only,452,magnitude::the_infra_budget::34,duplicate,duplicate,drop,False,12,12,15.97299997229129,False
453,cosine_only,453,magnitude::the_infra_budget::25,duplicate,refinement,merge,False,7,8,16.3567999843508,False
454,cosine_only,454,magnitude::the_marketing_spend::4,update,refinement,merge,False,10,11,24.26109998486936,False
455,cosine_only,455,ship_date::the_data_migration::30,refinement,duplicate,drop,False,8,8,20.488599955569953,False
456,cosine_only,456,ship_date::the_API_migration::0,update,duplicate,drop,False,7,7,20.22549998946488,False
457,cosine_only,457,ship_date::the_onboarding_revamp::27,update,update,apply,False,10,11,22.42270001443103,False
458,cosine_only,458,ship_date::the_partner_integration::39,refinement,refinement,merge,False,7,8,18.58690002700314,False
459,cosine_only,459,ship_date::the_vendor_contract_renewal::18,refinement,duplicate,drop,True,3,3,18.87410000199452,False
460,cosine_only,460,ship_date::the_beta_rollout::24,duplicate,refinement,merge,False,5,6,18.458300037309527,False
461,cosine_only,461,magnitude::the_infra_budget::25,duplicate,refinement,merge,False,8,9,19.242600013967603,False
462,cosine_only,462,ship_date::the_API_migration::0,contradiction,refinement,merge,True,7,8,22.464800043962896,False
463,cosine_only,463,status::the_dark_mode_rollout::5,refinement,duplicate,drop,False,6,6,25.951299990992993,False
464,cosine_only,464,ship_date::the_onboarding_revamp::21,duplicate,update,apply,False,9,10,19.674699986353517,False
465,cosine_only,465,magnitude::the_storage_quota::19,duplicate,refinement,merge,False,10,11,17.751599953044206,False
466,cosine_only,466,magnitude::the_budget::7,refinement,refinement,merge,False,6,7,17.28020003065467,False
467,cosine_only,467,status::the_dark_mode_rollout::14,duplicate,update,apply,False,7,8,24.72650003619492,False
468,cosine_only,468,magnitude::the_storage_quota::22,refinement,refinement,merge,False,13,14,18.993800040334463,False
469,cosine_only,469,magnitude::the_support_queue::10,contradiction,refinement,merge,True,11,12,17.502599977888167,False
470,cosine_only,470,magnitude::the_headcount_plan::16,duplicate,update,apply,False,15,16,18.63290002802387,False
471,cosine_only,471,ship_date::the_beta_rollout::24,update,duplicate,drop,False,6,6,16.71980001265183,False
472,cosine_only,472,ship_date::the_beta_rollout::12,refinement,refinement,merge,False,6,7,20.41930000996217,False
473,cosine_only,473,status::the_offline_mode::23,duplicate,refinement,merge,False,5,6,19.81189998332411,False
474,cosine_only,474,status::the_offline_mode::38,refinement,refinement,merge,False,7,8,21.392400027252734,False
475,cosine_only,475,magnitude::the_infra_budget::34,contradiction,refinement,merge,True,12,13,17.427399987354875,False
476,cosine_only,476,magnitude::the_storage_quota::22,contradiction,refinement,merge,True,14,15,16.324699972756207,False
477,cosine_only,477,status::the_export_tool::17,contradiction,duplicate,drop,True,7,7,18.19720002822578,False
478,cosine_only,478,status::the_offline_mode::2,refinement,refinement,merge,False,9,10,25.048500043340027,False
479,cosine_only,479,status::the_dark_mode_rollout::29,duplicate,update,apply,False,12,13,22.475700010545552,False
480,cosine_only,480,ship_date::the_partner_integration::6,refinement,refinement,merge,False,8,9,27.08809997420758,False
481,cosine_only,481,status::the_audit_log_feature::26,duplicate,refinement,merge,False,6,7,22.476899961475283,False
482,cosine_only,482,status::the_dark_mode_rollout::20,duplicate,refinement,merge,False,9,10,23.543399991467595,False
483,cosine_only,483,status::Feature_X::8,duplicate,refinement,merge,False,6,7,21.387399989180267,False
484,cosine_only,484,ship_date::the_onboarding_revamp::3,contradiction,duplicate,drop,True,5,5,17.655500036198646,False
485,cosine_only,485,ship_date::the_onboarding_revamp::27,duplicate,update,apply,False,11,12,21.26820001285523,False
486,cosine_only,486,ship_date::the_beta_rollout::12,duplicate,update,apply,False,7,8,17.04419997986406,False
487,cosine_only,487,magnitude::the_infra_budget::34,update,refinement,merge,True,13,14,19.101999991107732,False
488,cosine_only,488,status::the_dark_mode_rollout::20,duplicate,refinement,merge,False,10,11,23.058900027535856,False
489,cosine_only,489,magnitude::the_storage_quota::31,duplicate,refinement,merge,False,11,12,18.593400018289685,False
490,cosine_only,490,status::the_audit_log_feature::26,contradiction,duplicate,drop,True,7,7,19.399199984036386,False
491,cosine_only,491,magnitude::the_infra_budget::34,update,refinement,merge,False,14,15,14.700700005050749,False
492,cosine_only,492,ship_date::the_Q3_roadmap_review::36,duplicate,duplicate,drop,False,3,3,24.92789999814704,False
493,cosine_only,493,magnitude::the_storage_quota::31,update,refinement,merge,False,12,13,21.036799997091293,False
494,cosine_only,494,ship_date::the_onboarding_revamp::21,update,refinement,merge,False,10,11,22.329600004013628,False
495,cosine_only,495,magnitude::the_headcount_plan::16,refinement,refinement,merge,False,16,17,22.459100000560284,False
496,cosine_only,496,magnitude::the_infra_budget::25,refinement,update,apply,False,9,10,20.713199977762997,False
497,cosine_only,497,magnitude::the_budget::1,update,refinement,merge,False,10,11,16.11690002027899,False
498,cosine_only,498,status::the_offline_mode::38,duplicate,update,apply,False,8,9,18.309000006411225,False
499,cosine_only,499,ship_date::the_vendor_contract_renewal::9,duplicate,refinement,merge,False,6,7,20.167600014247,False
500,cosine_only,500,ship_date::the_data_migration::30,contradiction,refinement,merge,True,8,9,20.073299994692206,False
501,cosine_only,501,magnitude::the_storage_quota::22,duplicate,duplicate,drop,False,15,15,17.433399974834174,False
502,cosine_only,502,magnitude::the_headcount_plan::16,contradiction,update,apply,True,17,18,18.599100003484637,False
503,cosine_only,503,status::the_dark_mode_rollout::14,duplicate,refinement,merge,False,8,9,20.384199975524098,False
504,cosine_only,504,status::the_export_tool::17,update,refinement,merge,False,7,8,20.222900027874857,False
505,cosine_only,505,ship_date::the_API_migration::0,refinement,duplicate,drop,False,8,8,27.136599994264543,False
506,cosine_only,506,ship_date::the_data_migration::33,update,refinement,merge,False,9,10,19.730100000742823,False
507,cosine_only,507,status::Feature_X::8,refinement,refinement,merge,False,7,8,21.020699990913272,False
508,cosine_only,508,magnitude::the_storage_quota::19,update,refinement,merge,False,11,12,18.32869998179376,False
509,cosine_only,509,ship_date::the_onboarding_revamp::27,refinement,duplicate,drop,False,12,12,24.229599977843463,False
510,cosine_only,510,ship_date::the_beta_rollout::12,refinement,refinement,merge,True,8,9,21.784899989143014,False
511,cosine_only,511,magnitude::the_budget::13,update,duplicate,drop,False,8,8,19.256100000347942,False
512,cosine_only,512,magnitude::the_storage_quota::31,refinement,duplicate,drop,False,13,13,25.900999957229942,False
513,cosine_only,513,ship_date::the_partner_integration::15,refinement,duplicate,drop,False,3,3,20.445500034838915,False
514,cosine_only,514,ship_date::the_onboarding_revamp::21,update,refinement,merge,False,11,12,21.381400001700968,False
515,cosine_only,515,status::the_referral_program::11,update,update,apply,True,11,12,20.905699988361448,False
516,cosine_only,516,status::the_dark_mode_rollout::14,duplicate,update,apply,False,9,10,21.193699969444424,False
517,cosine_only,517,ship_date::the_partner_integration::39,contradiction,refinement,merge,True,8,9,17.984099977184087,False
518,cosine_only,518,status::the_dark_mode_rollout::29,refinement,refinement,merge,True,13,14,25.897699990309775,False
519,cosine_only,519,ship_date::the_vendor_contract_renewal::18,duplicate,duplicate,drop,False,3,3,19.642900035250932,False
520,cosine_only,520,status::the_offline_mode::2,update,refinement,merge,False,10,11,24.263500003144145,False
521,cosine_only,521,status::the_dark_mode_rollout::29,contradiction,refinement,merge,True,14,15,18.51429999805987,False
522,cosine_only,522,magnitude::the_marketing_spend::4,refinement,update,apply,False,11,12,17.554400023072958,False
523,cosine_only,523,status::the_dark_mode_rollout::32,contradiction,refinement,merge,True,11,12,21.926599962171167,False
524,cosine_only,524,status::the_dark_mode_rollout::20,refinement,duplicate,drop,False,11,11,22.055499954149127,False
525,cosine_only,525,status::the_export_tool::17,duplicate,duplicate,drop,False,8,8,33.39270001742989,False
526,cosine_only,526,ship_date::the_onboarding_revamp::3,duplicate,duplicate,drop,False,5,5,23.512300045695156,False
527,cosine_only,527,status::Feature_X::8,refinement,refinement,merge,False,8,9,27.854899992235005,False
528,cosine_only,528,ship_date::the_Q3_roadmap_review::36,refinement,refinement,merge,False,3,4,22.750899952370673,False
529,cosine_only,529,magnitude::the_headcount_plan::16,contradiction,update,apply,True,18,19,20.839399949181825,False
530,cosine_only,530,ship_date::the_API_migration::0,update,refinement,merge,False,8,9,18.749100039713085,False
531,cosine_only,531,status::the_export_tool::17,refinement,duplicate,drop,False,8,8,23.211199964862317,False
532,cosine_only,532,ship_date::the_data_migration::33,duplicate,duplicate,drop,False,10,10,18.410699965897948,False
533,cosine_only,533,magnitude::the_marketing_spend::4,update,refinement,merge,False,12,13,15.077499963808805,False
534,cosine_only,534,status::the_export_tool::17,duplicate,refinement,merge,False,8,9,25.09539999300614,False
535,cosine_only,535,status::the_referral_program::11,refinement,refinement,merge,False,12,13,25.961699953768402,False
536,cosine_only,536,status::the_offline_mode::23,duplicate,refinement,merge,False,6,7,16.615299973636866,False
537,cosine_only,537,status::the_offline_mode::35,refinement,duplicate,drop,False,6,6,25.267699966207147,False
538,cosine_only,538,ship_date::the_API_migration::0,update,duplicate,drop,True,9,9,15.609900001436472,False
539,cosine_only,539,status::the_offline_mode::2,contradiction,refinement,merge,True,11,12,21.150999993551522,False
540,cosine_only,540,status::Feature_X::8,update,refinement,merge,True,9,10,21.983399987220764,False
541,cosine_only,541,magnitude::the_budget::1,refinement,update,apply,False,11,12,19.612699979916215,False
542,cosine_only,542,ship_date::the_onboarding_revamp::3,duplicate,duplicate,drop,False,5,5,16.06069999979809,False
543,cosine_only,543,status::the_offline_mode::38,duplicate,update,apply,False,9,10,22.322800010442734,False
544,cosine_only,544,ship_date::the_beta_rollout::12,duplicate,update,apply,False,9,10,16.773700015619397,False
545,cosine_only,545,status::the_offline_mode::2,contradiction,refinement,merge,True,12,13,21.66389999911189,False
546,cosine_only,546,status::the_offline_mode::2,refinement,duplicate,drop,False,13,13,21.774099965114146,False
547,cosine_only,547,status::the_dark_mode_rollout::32,refinement,duplicate,drop,False,12,12,24.19309999095276,False
548,cosine_only,548,ship_date::the_partner_integration::6,update,duplicate,drop,False,9,9,17.39850000012666,False
549,cosine_only,549,magnitude::the_marketing_spend::4,refinement,refinement,merge,False,13,14,17.129499989096075,False
550,cosine_only,550,ship_date::the_partner_integration::15,refinement,duplicate,drop,False,3,3,17.015899997204542,False
551,cosine_only,551,status::the_referral_program::11,duplicate,refinement,merge,False,13,14,19.88340000389144,False
552,cosine_only,552,status::the_dark_mode_rollout::32,duplicate,duplicate,drop,False,12,12,20.316799986176193,False
553,cosine_only,553,status::the_offline_mode::2,duplicate,refinement,merge,False,13,14,19.577500002924353,False
554,cosine_only,554,magnitude::the_storage_quota::19,duplicate,duplicate,drop,False,12,12,18.95699999295175,False
555,cosine_only,555,magnitude::the_budget::13,duplicate,refinement,merge,False,8,9,17.435300047509372,False
556,cosine_only,556,ship_date::the_API_migration::0,duplicate,refinement,merge,False,9,10,19.807100004982203,False
557,cosine_only,557,ship_date::the_beta_rollout::24,refinement,refinement,merge,False,6,7,19.86699999542907,False
558,cosine_only,558,status::the_dark_mode_rollout::5,refinement,duplicate,drop,False,6,6,20.96150000579655,False
559,cosine_only,559,ship_date::the_onboarding_revamp::21,refinement,refinement,merge,False,12,13,22.39019999979064,False
560,cosine_only,560,magnitude::the_storage_quota::37,duplicate,refinement,merge,False,10,11,18.633400031831115,False
561,cosine_only,561,status::the_offline_mode::2,duplicate,duplicate,drop,False,14,14,26.085500023327768,False
562,cosine_only,562,status::Feature_X::8,duplicate,refinement,merge,False,10,11,21.210299979429692,False
563,cosine_only,563,status::the_offline_mode::2,refinement,refinement,merge,False,14,15,20.4208999639377,False
564,cosine_only,564,ship_date::the_vendor_contract_renewal::9,duplicate,refinement,merge,False,7,8,20.044999953825027,False
565,cosine_only,565,magnitude::the_headcount_plan::28,update,refinement,merge,False,7,8,18.748699978459626,False
566,cosine_only,566,magnitude::the_storage_quota::31,refinement,duplicate,drop,False,13,13,24.804699991364032,False
567,cosine_only,567,ship_date::the_partner_integration::39,duplicate,update,apply,False,9,10,18.443699984345585,False
568,cosine_only,568,status::the_offline_mode::38,duplicate,refinement,merge,False,10,11,18.80019996315241,False
569,cosine_only,569,magnitude::the_marketing_spend::4,update,update,apply,False,14,15,18.903199990745634,False
570,cosine_only,570,ship_date::the_onboarding_revamp::3,duplicate,update,apply,False,5,6,17.107299994677305,False
571,cosine_only,571,magnitude::the_storage_quota::31,update,update,apply,False,13,14,18.81179999327287,False
572,cosine_only,572,magnitude::the_budget::7,refinement,refinement,merge,False,7,8,18.766500055789948,False
573,cosine_only,573,status::Feature_X::8,contradiction,refinement,merge,True,11,12,17.96890003606677,False
574,cosine_only,574,status::the_offline_mode::38,update,refinement,merge,False,11,12,18.779999983962625,False
575,cosine_only,575,magnitude::the_storage_quota::31,contradiction,refinement,merge,True,14,15,18.004900019150227,False
576,cosine_only,576,ship_date::the_data_migration::30,update,duplicate,drop,False,9,9,21.369700029026717,False
577,cosine_only,577,status::the_dark_mode_rollout::20,duplicate,refinement,merge,False,11,12,21.33499999763444,False
578,cosine_only,578,magnitude::the_infra_budget::25,duplicate,refinement,merge,False,10,11,18.522099999245256,False
579,cosine_only,579,status::the_dark_mode_rollout::14,contradiction,duplicate,drop,True,10,10,20.838399999774992,False
580,cosine_only,580,ship_date::the_partner_integration::6,update,duplicate,drop,False,9,9,17.598200007341802,False
581,cosine_only,581,ship_date::the_data_migration::33,update,refinement,merge,False,10,11,19.078099983744323,False
582,cosine_only,582,ship_date::the_beta_rollout::12,refinement,refinement,merge,False,10,11,18.045700038783252,False
583,cosine_only,583,status::Feature_X::8,update,update,apply,False,12,13,19.393400056287646,False
584,cosine_only,584,magnitude::the_support_queue::10,refinement,refinement,merge,False,12,13,18.491399998310953,False
585,cosine_only,585,status::the_audit_log_feature::26,duplicate,refinement,merge,False,7,8,18.97470001131296,False
586,cosine_only,586,ship_date::the_vendor_contract_renewal::9,refinement,refinement,merge,False,8,9,21.744799974840134,False
587,cosine_only,587,magnitude::the_budget::1,duplicate,refinement,merge,False,12,13,20.511000009719282,False
588,cosine_only,588,ship_date::the_partner_integration::39,contradiction,refinement,merge,True,10,11,16.269799962174147,False
589,cosine_only,589,status::Feature_X::8,duplicate,refinement,merge,False,13,14,26.417799992486835,False
590,cosine_only,590,magnitude::the_storage_quota::19,update,duplicate,drop,False,12,12,22.637699963524938,False
591,cosine_only,591,ship_date::the_vendor_contract_renewal::18,duplicate,refinement,merge,False,3,4,23.93099997425452,False
592,cosine_only,592,magnitude::the_support_queue::10,duplicate,refinement,merge,False,13,14,22.64470001682639,False
593,cosine_only,593,status::the_dark_mode_rollout::29,refinement,refinement,merge,False,15,16,32.387099985498935,False
594,cosine_only,594,status::the_offline_mode::38,duplicate,duplicate,drop,False,12,12,23.59180001076311,False
595,cosine_only,595,status::the_offline_mode::23,update,duplicate,drop,True,7,7,26.1430999962613,False
596,cosine_only,596,magnitude::the_budget::7,duplicate,duplicate,drop,False,8,8,19.562100002076477,False
597,cosine_only,597,ship_date::the_data_migration::33,refinement,duplicate,drop,False,11,11,27.00840000761673,False
598,cosine_only,598,ship_date::the_API_migration::0,refinement,refinement,merge,False,10,11,24.272400012705475,False
599,cosine_only,599,status::the_dark_mode_rollout::29,refinement,refinement,merge,False,16,17,25.93409997643903,False
600,cosine_only,600,ship_date::the_partner_integration::6,duplicate,refinement,merge,False,9,10,19.352999981492758,False
601,cosine_only,601,ship_date::the_vendor_contract_renewal::9,duplicate,refinement,merge,False,9,10,21.031000011134893,False
602,cosine_only,602,status::the_referral_program::11,refinement,refinement,merge,False,14,15,25.584800052456558,False
603,cosine_only,603,ship_date::the_onboarding_revamp::27,refinement,refinement,merge,False,12,13,29.11519998451695,False
604,cosine_only,604,ship_date::the_data_migration::30,duplicate,refinement,merge,False,9,10,24.13360000355169,False
605,cosine_only,605,status::Feature_X::8,refinement,duplicate,drop,False,14,14,31.49269998539239,False
606,cosine_only,606,status::the_offline_mode::2,refinement,refinement,merge,False,15,16,26.982800045516342,False
607,cosine_only,607,magnitude::the_storage_quota::37,duplicate,refinement,merge,False,11,12,28.07179995579645,False
608,cosine_only,608,ship_date::the_partner_integration::6,refinement,refinement,merge,False,10,11,20.417499996256083,False
609,cosine_only,609,magnitude::the_storage_quota::22,duplicate,refinement,merge,False,15,16,17.762199975550175,False
610,cosine_only,610,status::the_dark_mode_rollout::29,refinement,refinement,merge,True,17,18,25.887000025250018,False
611,cosine_only,611,magnitude::the_budget::13,duplicate,update,apply,False,9,10,22.455499973148108,False
612,cosine_only,612,magnitude::the_storage_quota::37,refinement,refinement,merge,False,12,13,28.29109999584034,False
613,cosine_only,613,magnitude::the_budget::13,contradiction,refinement,merge,True,10,11,22.02560001751408,False
614,cosine_only,614,magnitude::the_storage_quota::31,duplicate,duplicate,drop,False,15,15,18.239299999549985,False
615,cosine_only,615,magnitude::the_infra_budget::25,duplicate,refinement,merge,False,11,12,16.0221999976784,False
616,cosine_only,616,status::the_dark_mode_rollout::20,contradiction,duplicate,drop,True,12,12,21.319599996786565,False
617,cosine_only,617,ship_date::the_beta_rollout::12,duplicate,refinement,merge,False,11,12,17.230800003744662,False
618,cosine_only,618,status::the_offline_mode::23,contradiction,duplicate,drop,True,7,7,16.382500005420297,False
619,cosine_only,619,ship_date::the_onboarding_revamp::3,duplicate,update,apply,False,6,7,18.734199984464794,False
620,cosine_only,620,magnitude::the_storage_quota::31,refinement,refinement,merge,False,15,16,20.5396999954246,False
621,cosine_only,621,ship_date::the_data_migration::30,update,duplicate,drop,True,10,10,17.033400014042854,False
622,cosine_only,622,status::the_export_tool::17,duplicate,refinement,merge,False,9,10,21.026399976108223,False
623,cosine_only,623,status::the_offline_mode::23,duplicate,refinement,merge,False,7,8,17.96020002802834,False
624,cosine_only,624,ship_date::the_onboarding_revamp::21,duplicate,update,apply,False,13,14,17.90979999350384,False
625,cosine_only,625,status::the_offline_mode::2,refinement,refinement,merge,False,16,17,19.82109999516979,False
626,cosine_only,626,status::the_audit_log_feature::26,refinement,refinement,merge,False,8,9,21.9175000092946,False
627,cosine_only,627,ship_date::the_partner_integration::6,duplicate,refinement,merge,False,11,12,17.74370000930503,False
628,cosine_only,628,magnitude::the_budget::13,refinement,update,apply,False,11,12,21.081999992020428,False
629,cosine_only,629,ship_date::the_beta_rollout::12,duplicate,refinement,merge,False,12,13,17.887699999846518,False
630,cosine_only,630,magnitude::the_budget::1,contradiction,refinement,merge,True,13,14,16.766499960795045,False
631,cosine_only,631,ship_date::the_API_migration::0,duplicate,refinement,merge,False,11,12,18.32750003086403,False
632,cosine_only,632,magnitude::the_storage_quota::22,duplicate,refinement,merge,False,16,17,16.882399970199913,False
633,cosine_only,633,ship_date::the_API_migration::0,update,refinement,merge,False,12,13,26.07050002552569,False
634,cosine_only,634,status::the_export_tool::17,duplicate,duplicate,drop,False,10,10,24.086799996439368,False
635,cosine_only,635,status::Feature_X::8,refinement,refinement,merge,False,14,15,22.935700020752847,False
636,cosine_only,636,magnitude::the_budget::7,duplicate,refinement,merge,False,8,9,17.911500006448478,False
637,cosine_only,637,magnitude::the_budget::13,update,update,apply,False,12,13,18.163899949286133,False
638,cosine_only,638,ship_date::the_data_migration::33,duplicate,refinement,merge,False,11,12,18.973800004459918,False
639,cosine_only,639,magnitude::the_budget::13,duplicate,duplicate,drop,False,13,13,20.76039998792112,False
640,cosine_only,640,magnitude::the_infra_budget::25,contradiction,update,apply,True,12,13,16.772100003436208,False
641,cosine_only,641,status::the_dark_mode_rollout::14,update,duplicate,drop,False,10,10,20.86119999876246,False
642,cosine_only,642,magnitude::the_budget::7,duplicate,duplicate,drop,False,9,9,17.456999979913235,False
643,cosine_only,643,status::Feature_X::8,contradiction,update,apply,True,15,16,18.746000016108155,False
644,cosine_only,644,magnitude::the_budget::13,duplicate,duplicate,drop,False,13,13,19.336899975314736,False
645,cosine_only,645,ship_date::the_data_migration::33,update,refinement,merge,False,12,13,20.371299993712455,False
646,cosine_only,646,magnitude::the_storage_quota::31,refinement,refinement,merge,False,16,17,26.363999990280718,False
647,cosine_only,647,magnitude::the_infra_budget::34,contradiction,refinement,merge,True,15,16,17.549100040923804,False
648,cosine_only,648,status::the_offline_mode::2,refinement,refinement,merge,False,17,18,20.953500003088266,False
649,cosine_only,649,magnitude::the_storage_quota::19,duplicate,refinement,merge,False,12,13,18.121900036931038,False
650,cosine_only,650,ship_date::the_vendor_contract_renewal::18,contradiction,duplicate,drop,True,4,4,19.64589999988675,False
651,cosine_only,651,status::the_dark_mode_rollout::20,refinement,duplicate,drop,False,12,12,22.27269997820258,False
652,cosine_only,652,status::Feature_X::8,duplicate,refinement,merge,False,16,17,21.7051999643445,False
653,cosine_only,653,ship_date::the_onboarding_revamp::27,update,refinement,merge,False,13,14,20.233799994457513,False
654,cosine_only,654,magnitude::the_support_queue::10,update,refinement,merge,False,14,15,17.50219997484237,False
655,cosine_only,655,magnitude::the_storage_quota::31,update,update,apply,False,17,18,22.157699975650758,False
656,cosine_only,656,magnitude::the_infra_budget::25,update,update,apply,False,13,14,20.79440001398325,False
657,cosine_only,657,status::the_dark_mode_rollout::29,update,refinement,merge,True,18,19,20.190400013234466,False
658,cosine_only,658,magnitude::the_infra_budget::25,update,contradiction,blocked,False,14,14,21.191800013184547,False
659,cosine_only,659,magnitude::the_budget::1,refinement,update,apply,False,14,15,17.84159999806434,False
660,cosine_only,660,status::the_dark_mode_rollout::29,refinement,refinement,merge,True,19,20,18.56130000669509,False
661,cosine_only,661,ship_date::the_onboarding_revamp::21,refinement,refinement,merge,False,14,15,21.188799990341067,False
662,cosine_only,662,status::the_dark_mode_rollout::14,update,duplicate,drop,False,10,10,18.1004999903962,False
663,cosine_only,663,status::the_offline_mode::38,refinement,refinement,merge,False,12,13,18.476800003554672,False
664,cosine_only,664,ship_date::the_data_migration::30,refinement,refinement,merge,False,10,11,21.623399981763214,False
665,cosine_only,665,status::the_offline_mode::38,duplicate,duplicate,drop,False,13,13,18.42850004322827,False
666,cosine_only,666,magnitude::the_headcount_plan::16,refinement,refinement,merge,False,19,20,24.201199994422495,False
667,cosine_only,667,magnitude::the_storage_quota::19,update,duplicate,drop,False,13,13,17.526499985251576,False
668,cosine_only,668,status::the_dark_mode_rollout::29,contradiction,refinement,merge,True,20,21,19.860200001858175,False
669,cosine_only,669,status::the_dark_mode_rollout::20,duplicate,refinement,merge,False,12,13,19.483499985653907,False
670,cosine_only,670,ship_date::the_partner_integration::15,refinement,duplicate,drop,False,3,3,17.33510004123673,False
671,cosine_only,671,status::the_audit_log_feature::26,contradiction,duplicate,drop,True,9,9,19.110599998384714,False
672,cosine_only,672,ship_date::the_API_migration::0,refinement,duplicate,drop,False,13,13,28.729300014674664,False
673,cosine_only,673,magnitude::the_storage_quota::37,refinement,refinement,merge,False,13,14,22.740199987310916,False
674,cosine_only,674,status::the_audit_log_feature::26,refinement,refinement,merge,False,9,10,21.587499999441206,False
675,cosine_only,675,magnitude::the_storage_quota::31,refinement,duplicate,drop,False,18,18,21.624499990139157,False
676,cosine_only,676,ship_date::the_partner_integration::15,duplicate,duplicate,drop,False,3,3,18.132400000467896,False
677,cosine_only,677,magnitude::the_support_queue::10,refinement,refinement,merge,False,15,16,20.31870000064373,False
678,cosine_only,678,magnitude::the_infra_budget::34,duplicate,duplicate,drop,False,16,16,15.06199996219948,False
679,cosine_only,679,status::the_audit_log_feature::26,contradiction,refinement,merge,True,10,11,19.0876999986358,False
680,cosine_only,680,ship_date::the_partner_integration::15,refinement,duplicate,drop,False,3,3,16.431299969553947,False
681,cosine_only,681,ship_date::the_partner_integration::39,contradiction,refinement,merge,True,11,12,15.252900018822402,False
682,cosine_only,682,ship_date::the_API_migration::0,duplicate,refinement,merge,False,13,14,20.405300019774586,False
683,cosine_only,683,ship_date::the_Q3_roadmap_review::36,duplicate,duplicate,drop,False,4,4,28.328800050076097,False
684,cosine_only,684,magnitude::the_storage_quota::31,refinement,refinement,merge,False,18,19,23.467999999411404,False
685,cosine_only,685,status::the_referral_program::11,duplicate,refinement,merge,False,15,16,23.0285000288859,False
686,cosine_only,686,status::Feature_X::8,update,duplicate,drop,False,17,17,18.757499987259507,False
687,cosine_only,687,magnitude::the_storage_quota::31,duplicate,refinement,merge,False,19,20,20.20319999428466,False
688,cosine_only,688,status::the_dark_mode_rollout::5,duplicate,refinement,merge,False,6,7,24.0328999934718,False
689,cosine_only,689,ship_date::the_onboarding_revamp::27,update,refinement,merge,False,14,15,20.638199988752604,False
690,cosine_only,690,ship_date::the_data_migration::33,contradiction,duplicate,drop,True,13,13,17.91550003690645,False
691,cosine_only,691,magnitude::the_storage_quota::31,refinement,duplicate,drop,False,20,20,21.75170002738014,False
692,cosine_only,692,ship_date::the_beta_rollout::24,duplicate,duplicate,drop,False,7,7,17.06220000050962,False
693,cosine_only,693,ship_date::the_vendor_contract_renewal::9,update,refinement,merge,False,10,11,21.968100045342,False
694,cosine_only,694,status::the_dark_mode_rollout::29,duplicate,refinement,merge,False,21,22,18.97030003601685,False
695,cosine_only,695,status::the_export_tool::17,update,refinement,merge,False,10,11,19.293099991045892,False
696,cosine_only,696,status::the_export_tool::17,update,duplicate,drop,False,11,11,19.56159999826923,False
697,cosine_only,697,magnitude::the_budget::7,update,contradiction,blocked,False,9,9,17.831699980888516,False
698,cosine_only,698,magnitude::the_headcount_plan::28,contradiction,update,apply,True,8,9,22.25500001804903,False
699,cosine_only,699,ship_date::the_vendor_contract_renewal::18,duplicate,refinement,merge,False,4,5,18.273300025612116,False
700,cosine_only,700,status::the_offline_mode::23,duplicate,refinement,merge,False,8,9,16.888500016648322,False
701,cosine_only,701,magnitude::the_budget::13,update,refinement,merge,False,13,14,19.17769998544827,False
702,cosine_only,702,magnitude::the_storage_quota::19,contradiction,refinement,merge,True,13,14,22.17970002675429,False
703,cosine_only,703,status::the_offline_mode::38,update,refinement,merge,False,13,14,20.073499996215105,False
704,cosine_only,704,status::Feature_X::8,refinement,duplicate,drop,False,17,17,35.150400013662875,False
705,cosine_only,705,magnitude::the_marketing_spend::4,contradiction,update,apply,True,15,16,20.805500040296465,False
706,cosine_only,706,ship_date::the_Q3_roadmap_review::36,contradiction,duplicate,drop,True,4,4,30.339499993715435,False
707,cosine_only,707,magnitude::the_budget::13,update,refinement,merge,False,14,15,30.548600014299154,False
708,cosine_only,708,magnitude::the_infra_budget::25,update,refinement,merge,False,14,15,22.263199964072555,False
709,cosine_only,709,magnitude::the_support_queue::10,duplicate,refinement,merge,False,16,17,19.621600047685206,False
710,cosine_only,710,status::the_dark_mode_rollout::5,refinement,duplicate,drop,False,7,7,21.911000018008053,False
711,cosine_only,711,magnitude::the_budget::7,duplicate,duplicate,drop,False,9,9,18.69169995188713,False
712,cosine_only,712,ship_date::the_Q3_roadmap_review::36,duplicate,duplicate,drop,False,4,4,22.548999986611307,False
713,cosine_only,713,magnitude::the_storage_quota::31,duplicate,refinement,merge,False,20,21,19.350599963217974,False
714,cosine_only,714,magnitude::the_budget::1,duplicate,refinement,merge,False,15,16,18.016799993347377,False
715,cosine_only,715,status::Feature_X::8,contradiction,update,apply,True,17,18,20.235200005117804,False
716,cosine_only,716,ship_date::the_partner_integration::39,update,refinement,merge,False,12,13,18.261399993207306,False
717,cosine_only,717,magnitude::the_storage_quota::31,duplicate,refinement,merge,False,21,22,21.274700004141778,False
718,cosine_only,718,ship_date::the_onboarding_revamp::21,duplicate,refinement,merge,False,15,16,29.623700014781207,False
719,cosine_only,719,status::the_dark_mode_rollout::20,refinement,duplicate,drop,False,13,13,26.232199976220727,False
720,cosine_only,720,ship_date::the_data_migration::30,refinement,refinement,merge,False,11,12,21.047200018074363,False
721,cosine_only,721,magnitude::the_budget::13,update,refinement,merge,False,15,16,17.68430002266541,False
722,cosine_only,722,status::the_offline_mode::2,refinement,duplicate,drop,False,18,18,21.39290003105998,False
723,cosine_only,723,magnitude::the_headcount_plan::16,contradiction,duplicate,drop,True,20,20,20.235400006640702,False
724,cosine_only,724,magnitude::the_marketing_spend::4,duplicate,refinement,merge,False,16,17,19.799300003796816,False
725,cosine_only,725,status::the_offline_mode::23,duplicate,refinement,merge,False,9,10,16.769599984399974,False
726,cosine_only,726,ship_date::the_vendor_contract_renewal::18,update,refinement,merge,False,5,6,17.759500013198704,False
727,cosine_only,727,status::the_offline_mode::23,refinement,duplicate,drop,False,10,10,18.65909999469295,False
728,cosine_only,728,ship_date::the_onboarding_revamp::21,refinement,refinement,merge,False,16,17,17.479399975854903,False
729,cosine_only,729,magnitude::the_budget::1,contradiction,refinement,merge,True,16,17,17.32290000654757,False
730,cosine_only,730,ship_date::the_data_migration::33,update,duplicate,drop,False,13,13,17.970699991565198,False
731,cosine_only,731,ship_date::the_API_migration::0,refinement,refinement,merge,False,14,15,26.84649999719113,False
732,cosine_only,732,magnitude::the_marketing_spend::4,update,refinement,merge,False,17,18,19.845800008624792,False
733,cosine_only,733,magnitude::the_headcount_plan::16,refinement,update,apply,False,20,21,20.212500006891787,False
734,cosine_only,734,ship_date::the_beta_rollout::12,duplicate,update,apply,False,13,14,14.7006000042893,False
735,cosine_only,735,status::the_dark_mode_rollout::32,contradiction,refinement,merge,True,12,13,25.064599991310388,False
736,cosine_only,736,magnitude::the_marketing_spend::4,update,duplicate,drop,False,18,18,20.983499998692423,False
737,cosine_only,737,ship_date::the_partner_integration::39,update,duplicate,drop,False,13,13,22.085599950514734,False
738,cosine_only,738,magnitude::the_budget::7,duplicate,duplicate,drop,False,9,9,19.093899987637997,False
739,cosine_only,739,ship_date::the_onboarding_revamp::21,refinement,update,apply,False,17,18,21.60929999081418,False
740,cosine_only,740,magnitude::the_headcount_plan::16,contradiction,duplicate,drop,True,21,21,23.286999959964305,False
741,cosine_only,741,status::the_offline_mode::23,refinement,refinement,merge,False,10,11,23.4566000290215,False
742,cosine_only,742,magnitude::the_storage_quota::31,refinement,duplicate,drop,False,22,22,21.66109997779131,False
743,cosine_only,743,ship_date::the_partner_integration::39,update,refinement,merge,False,13,14,23.312199977226555,False
744,cosine_only,744,ship_date::the_onboarding_revamp::3,update,refinement,merge,False,7,8,18.975700018927455,False
745,cosine_only,745,status::the_offline_mode::2,duplicate,update,apply,False,18,19,21.91300003323704,False
746,cosine_only,746,ship_date::the_partner_integration::39,contradiction,update,apply,True,14,15,19.9129999964498,False
747,cosine_only,747,magnitude::the_marketing_spend::4,contradiction,refinement,merge,True,18,19,18.114799982868135,False
748,cosine_only,748,ship_date::the_partner_integration::39,update,refinement,merge,False,15,16,19.460200041066855,False
749,cosine_only,749,magnitude::the_storage_quota::37,duplicate,refinement,merge,False,14,15,17.01609999872744,False
750,cosine_only,750,ship_date::the_partner_integration::15,update,refinement,merge,False,3,4,26.432999991811812,False
751,cosine_only,751,magnitude::the_storage_quota::31,duplicate,refinement,merge,False,22,23,18.54800002183765,False
752,cosine_only,752,magnitude::the_budget::13,update,refinement,merge,False,16,17,18.21190002374351,False
753,cosine_only,753,magnitude::the_headcount_plan::28,refinement,refinement,merge,False,9,10,25.63629997894168,False
754,cosine_only,754,ship_date::the_partner_integration::6,contradiction,refinement,merge,True,12,13,17.193700012285262,False
755,cosine_only,755,ship_date::the_vendor_contract_renewal::18,refinement,refinement,merge,False,6,7,24.85119999619201,False
756,cosine_only,756,magnitude::the_headcount_plan::16,refinement,duplicate,drop,False,21,21,25.54569998756051,False
757,cosine_only,757,ship_date::the_onboarding_revamp::21,refinement,update,apply,False,18,19,20.615499990526587,False
758,cosine_only,758,status::the_dark_mode_rollout::32,contradiction,refinement,merge,True,13,14,21.039199957158417,False
759,cosine_only,759,ship_date::the_beta_rollout::24,duplicate,refinement,merge,False,7,8,15.744200034532696,False
760,cosine_only,760,ship_date::the_data_migration::33,refinement,update,apply,False,13,14,21.883800043724477,False
761,cosine_only,761,status::Feature_X::8,contradiction,update,apply,True,18,19,21.07140002772212,False
762,cosine_only,762,status::the_referral_program::11,update,update,apply,False,16,17,18.31700000911951,False
763,cosine_only,763,ship_date::the_onboarding_revamp::27,refinement,update,apply,True,15,16,19.063200044911355,False
764,cosine_only,764,status::the_audit_log_feature::26,update,duplicate,drop,False,11,11,20.836399984546006,False
765,cosine_only,765,magnitude::the_storage_quota::22,duplicate,refinement,merge,False,17,18,15.748500009067357,False
766,cosine_only,766,magnitude::the_budget::13,refinement,refinement,merge,False,17,18,21.171900036279112,False
767,cosine_only,767,magnitude::the_budget::1,update,update,apply,False,17,18,22.1276999800466,False
768,cosine_only,768,status::the_audit_log_feature::26,duplicate,refinement,merge,False,11,12,16.44849998410791,False
769,cosine_only,769,ship_date::the_partner_integration::39,update,duplicate,drop,False,16,16,20.832300011534244,False
770,cosine_only,770,magnitude::the_budget::13,update,update,apply,False,18,19,18.95870000589639,False
771,cosine_only,771,status::the_dark_mode_rollout::5,update,duplicate,drop,False,7,7,18.30229995539412,False
772,cosine_only,772,magnitude::the_budget::1,duplicate,refinement,merge,False,18,19,18.67999997921288,False
773,cosine_only,773,status::the_dark_mode_rollout::29,refinement,refinement,merge,False,22,23,23.971899994648993,False
774,cosine_only,774,status::the_offline_mode::35,refinement,duplicate,drop,False,6,6,22.32360001653433,False
775,cosine_only,775,ship_date::the_Q3_roadmap_review::36,refinement,duplicate,drop,True,4,4,23.027500021271408,False
776,cosine_only,776,status::the_export_tool::17,refinement,refinement,merge,True,11,12,17.762499977834523,False
777,cosine_only,777,magnitude::the_marketing_spend::4,refinement,refinement,merge,False,19,20,21.29519998561591,False
778,cosine_only,778,magnitude::the_headcount_plan::16,duplicate,update,apply,False,21,22,20.978899963665754,False
779,cosine_only,779,ship_date::the_onboarding_revamp::27,duplicate,update,apply,False,16,17,18.224100000225008,False
780,cosine_only,780,status::the_dark_mode_rollout::20,update,duplicate,drop,False,13,13,21.174099994823337,False
781,cosine_only,781,status::the_export_tool::17,duplicate,refinement,merge,False,12,13,20.784299995284528,False
782,cosine_only,782,magnitude::the_storage_quota::37,duplicate,refinement,merge,False,15,16,17.63229997595772,False
783,cosine_only,783,status::the_offline_mode::23,update,duplicate,drop,False,11,11,18.08729994809255,False
784,cosine_only,784,magnitude::the_budget::7,update,update,apply,False,9,10,20.431599987205118,False
785,cosine_only,785,magnitude::the_storage_quota::22,refinement,refinement,merge,False,18,19,16.600999981164932,False
786,cosine_only,786,magnitude::the_storage_quota::31,refinement,refinement,merge,False,23,24,21.542000002227724,False
787,cosine_only,787,ship_date::the_beta_rollout::24,update,refinement,merge,False,8,9,19.398299977183342,False
788,cosine_only,788,ship_date::the_vendor_contract_renewal::9,duplicate,refinement,merge,False,11,12,19.076300028245896,False
789,cosine_only,789,ship_date::the_API_migration::0,contradiction,refinement,merge,True,15,16,24.61540000513196,False
790,cosine_only,790,status::the_export_tool::17,refinement,refinement,merge,False,13,14,22.90679997531697,False
791,cosine_only,791,ship_date::the_onboarding_revamp::21,duplicate,refinement,merge,False,19,20,21.575799968559295,False
792,cosine_only,792,magnitude::the_budget::1,update,duplicate,drop,False,19,19,19.532400008756667,False
793,cosine_only,793,status::the_dark_mode_rollout::29,refinement,refinement,merge,False,23,24,21.298500010743737,False
794,cosine_only,794,magnitude::the_headcount_plan::28,update,refinement,merge,False,10,11,24.63319996604696,False
795,cosine_only,795,ship_date::the_data_migration::33,refinement,refinement,merge,False,14,15,21.981599973514676,False
796,cosine_only,796,ship_date::the_Q3_roadmap_review::36,refinement,duplicate,drop,False,4,4,26.097800000570714,False
797,cosine_only,797,magnitude::the_budget::7,contradiction,contradiction,blocked,True,10,10,17.713700013700873,False
798,cosine_only,798,magnitude::the_infra_budget::34,refinement,refinement,merge,False,16,17,20.618500013370067,False
799,cosine_only,799,status::the_dark_mode_rollout::20,update,update,apply,False,13,14,22.911000007297844,False
800,cosine_only,800,ship_date::the_API_migration::0,refinement,duplicate,drop,False,16,16,26.894800015725195,False
801,cosine_only,801,ship_date::the_vendor_contract_renewal::18,refinement,refinement,merge,False,7,8,28.927900013513863,False
802,cosine_only,802,status::the_audit_log_feature::26,duplicate,refinement,merge,False,12,13,20.52600000752136,False
803,cosine_only,803,magnitude::the_infra_budget::34,refinement,refinement,merge,False,17,18,22.356500034220517,False
804,cosine_only,804,ship_date::the_onboarding_revamp::21,refinement,refinement,merge,False,20,21,26.635900023393333,False
805,cosine_only,805,status::the_referral_program::11,refinement,duplicate,drop,False,17,17,25.724200007971376,False
806,cosine_only,806,ship_date::the_data_migration::33,refinement,duplicate,drop,False,15,15,21.1663999943994,False
807,cosine_only,807,magnitude::the_headcount_plan::16,refinement,refinement,merge,False,22,23,24.3485999526456,False
808,cosine_only,808,status::the_audit_log_feature::26,contradiction,refinement,merge,True,13,14,24.199400038924068,False
809,cosine_only,809,status::the_offline_mode::2,update,refinement,merge,False,19,20,28.5075000138022,False
810,cosine_only,810,magnitude::the_marketing_spend::4,duplicate,refinement,merge,False,20,21,33.711800002492964,False
811,cosine_only,811,magnitude::the_headcount_plan::28,refinement,duplicate,drop,False,11,11,40.15330004040152,False
812,cosine_only,812,ship_date::the_onboarding_revamp::3,duplicate,refinement,merge,False,8,9,23.81260000402108,False
813,cosine_only,813,status::the_dark_mode_rollout::20,duplicate,refinement,merge,False,14,15,34.76720000617206,False
814,cosine_only,814,status::the_offline_mode::2,refinement,refinement,merge,False,20,21,25.270499987527728,False
815,cosine_only,815,magnitude::the_storage_quota::31,duplicate,refinement,merge,False,24,25,25.04790003877133,False
816,cosine_only,816,ship_date::the_onboarding_revamp::21,refinement,refinement,merge,False,21,22,20.582000026479363,False
817,cosine_only,817,magnitude::the_storage_quota::37,refinement,refinement,merge,True,16,17,24.978000030387193,False
818,cosine_only,818,ship_date::the_beta_rollout::24,contradiction,update,apply,True,9,10,19.392099988181144,False
819,cosine_only,819,status::the_referral_program::11,contradiction,update,apply,True,17,18,16.984799993224442,False
820,cosine_only,820,magnitude::the_budget::13,contradiction,contradiction,blocked,True,19,19,19.607199996244162,False
821,cosine_only,821,ship_date::the_data_migration::33,update,refinement,merge,False,15,16,24.156800005584955,False
822,cosine_only,822,ship_date::the_data_migration::30,duplicate,refinement,merge,False,12,13,22.43610000004992,False
823,cosine_only,823,status::the_export_tool::17,contradiction,refinement,merge,True,14,15,18.767799949273467,False
824,cosine_only,824,magnitude::the_budget::7,refinement,update,apply,False,10,11,20.80310002202168,False
825,cosine_only,825,status::the_dark_mode_rollout::20,duplicate,refinement,merge,False,15,16,25.133499992080033,False
826,cosine_only,826,magnitude::the_budget::7,contradiction,contradiction,blocked,True,11,11,16.396199993323535,False
827,cosine_only,827,magnitude::the_storage_quota::31,refinement,refinement,merge,False,25,26,22.864500002469867,False
828,cosine_only,828,magnitude::the_infra_budget::25,refinement,refinement,merge,False,15,16,21.27699996344745,False
829,cosine_only,829,magnitude::the_storage_quota::19,update,update,apply,False,14,15,19.634600030258298,False
830,cosine_only,830,ship_date::the_beta_rollout::12,contradiction,refinement,merge,True,14,15,17.442299984395504,False
831,cosine_only,831,magnitude::the_support_queue::10,duplicate,refinement,merge,False,17,18,20.61790000880137,False
832,cosine_only,832,status::the_export_tool::17,contradiction,refinement,merge,True,15,16,20.67160001024604,False
833,cosine_only,833,status::the_offline_mode::35,refinement,duplicate,drop,False,6,6,21.311699994839728,False
834,cosine_only,834,magnitude::the_budget::7,refinement,refinement,merge,False,11,12,19.88019997952506,False
835,cosine_only,835,status::the_export_tool::17,update,duplicate,drop,False,16,16,19.23139998689294,False
836,cosine_only,836,ship_date::the_API_migration::0,contradiction,refinement,merge,True,16,17,25.35029995488003,False
837,cosine_only,837,status::the_offline_mode::2,duplicate,update,apply,False,21,22,20.361200033221394,False
838,cosine_only,838,status::the_audit_log_feature::26,refinement,refinement,merge,False,14,15,20.488700014539063,False
839,cosine_only,839,magnitude::the_storage_quota::19,refinement,refinement,merge,False,15,16,20.157800056040287,False
840,cosine_only,840,magnitude::the_budget::13,contradiction,contradiction,blocked,True,19,19,18.17789999768138,False
841,cosine_only,841,magnitude::the_storage_quota::19,duplicate,refinement,merge,False,16,17,22.35879999352619,False
842,cosine_only,842,ship_date::the_beta_rollout::12,update,refinement,merge,False,15,16,18.7778000254184,False
843,cosine_only,843,status::the_dark_mode_rollout::32,contradiction,refinement,merge,True,14,15,22.01079996302724,False
844,cosine_only,844,magnitude::the_budget::13,contradiction,update,apply,True,19,20,18.802000035066158,False
845,cosine_only,845,ship_date::the_vendor_contract_renewal::18,duplicate,refinement,merge,False,8,9,16.354899969883263,False
846,cosine_only,846,ship_date::the_onboarding_revamp::21,update,update,apply,False,22,23,17.07260002149269,False
847,cosine_only,847,ship_date::the_vendor_contract_renewal::18,contradiction,refinement,merge,True,9,10,23.61700002802536,False
848,cosine_only,848,status::the_dark_mode_rollout::20,update,update,apply,False,16,17,21.81060001021251,False
849,cosine_only,849,magnitude::the_support_queue::10,refinement,update,apply,False,18,19,25.513900036457926,False
850,cosine_only,850,status::Feature_X::8,refinement,refinement,merge,False,19,20,27.774700021836907,False
851,cosine_only,851,magnitude::the_budget::1,contradiction,update,apply,True,19,20,19.805099989753217,False
852,cosine_only,852,magnitude::the_storage_quota::19,update,duplicate,drop,False,17,17,20.009399973787367,False
853,cosine_only,853,magnitude::the_marketing_spend::4,refinement,update,apply,True,21,22,18.58959998935461,False
854,cosine_only,854,ship_date::the_beta_rollout::24,update,refinement,merge,False,10,11,19.233300001360476,False
855,cosine_only,855,ship_date::the_onboarding_revamp::21,contradiction,update,apply,True,23,24,18.298499984666705,False
856,cosine_only,856,ship_date::the_partner_integration::39,duplicate,duplicate,drop,False,16,16,20.898800052236766,False
857,cosine_only,857,status::the_referral_program::11,contradiction,update,apply,True,18,19,19.12900002207607,False
858,cosine_only,858,magnitude::the_marketing_spend::4,refinement,update,apply,True,22,23,18.17339996341616,False
859,cosine_only,859,magnitude::the_infra_budget::34,refinement,refinement,merge,False,18,19,21.00629999767989,False
860,cosine_only,860,magnitude::the_storage_quota::37,refinement,refinement,merge,False,17,18,21.091300004627556,False
861,cosine_only,861,magnitude::the_storage_quota::22,duplicate,duplicate,drop,False,19,19,17.96750002540648,False
862,cosine_only,862,status::the_dark_mode_rollout::32,duplicate,refinement,merge,False,15,16,24.229699978604913,False
863,cosine_only,863,magnitude::the_budget::1,duplicate,refinement,merge,False,20,21,20.675400039181113,False
864,cosine_only,864,status::the_offline_mode::2,contradiction,refinement,merge,True,22,23,20.916800014674664,False
865,cosine_only,865,magnitude::the_storage_quota::19,refinement,refinement,merge,False,17,18,19.862999964971095,False
866,cosine_only,866,status::the_offline_mode::23,refinement,refinement,merge,False,11,12,18.073300016112626,False
867,cosine_only,867,status::the_referral_program::11,refinement,update,apply,False,19,20,22.430899960454553,False
868,cosine_only,868,status::the_export_tool::17,duplicate,refinement,merge,False,16,17,20.711000019218773,False
869,cosine_only,869,ship_date::the_data_migration::33,refinement,duplicate,drop,False,16,16,22.676499967928976,False
870,cosine_only,870,magnitude::the_support_queue::10,duplicate,refinement,merge,False,19,20,17.299700004514307,False
871,cosine_only,871,ship_date::the_onboarding_revamp::21,duplicate,refinement,merge,False,24,25,19.752199994400144,False
872,cosine_only,872,status::the_offline_mode::2,duplicate,refinement,merge,False,23,24,19.281300017610192,False
873,cosine_only,873,ship_date::the_data_migration::33,refinement,duplicate,drop,False,16,16,29.63219996308908,False
874,cosine_only,874,status::the_export_tool::17,duplicate,duplicate,drop,False,17,17,21.98399999178946,False
875,cosine_only,875,ship_date::the_onboarding_revamp::21,duplicate,duplicate,drop,False,25,25,20.91999998083338,False
876,cosine_only,876,magnitude::the_storage_quota::37,update,duplicate,drop,False,18,18,18.46980000846088,False
877,cosine_only,877,magnitude::the_budget::7,update,refinement,merge,False,12,13,16.407700022682548,False
878,cosine_only,878,magnitude::the_headcount_plan::28,duplicate,refinement,merge,False,11,12,25.275800027884543,False
879,cosine_only,879,status::the_dark_mode_rollout::14,refinement,refinement,merge,False,10,11,23.591900011524558,False
880,cosine_only,880,ship_date::the_partner_integration::15,refinement,duplicate,drop,False,4,4,24.533600022550672,False
881,cosine_only,881,status::the_export_tool::17,duplicate,refinement,merge,False,17,18,22.54430000903085,False
882,cosine_only,882,magnitude::the_storage_quota::22,refinement,refinement,merge,True,19,20,17.74390001082793,False
883,cosine_only,883,status::the_offline_mode::23,refinement,refinement,merge,False,12,13,22.56020001368597,False
884,cosine_only,884,status::the_offline_mode::38,duplicate,refinement,merge,False,14,15,17.295400029979646,False
885,cosine_only,885,status::the_offline_mode::38,contradiction,refinement,merge,True,15,16,17.370599962305278,False
886,cosine_only,886,magnitude::the_infra_budget::34,contradiction,update,apply,True,19,20,16.083499998785555,False
887,cosine_only,887,ship_date::the_beta_rollout::12,refinement,duplicate,drop,False,16,16,21.630199975334108,False
888,cosine_only,888,ship_date::the_beta_rollout::12,duplicate,duplicate,drop,False,16,16,19.74409999093041,False
889,cosine_only,889,magnitude::the_headcount_plan::28,update,duplicate,drop,False,12,12,23.448099964298308,False
890,cosine_only,890,status::the_offline_mode::23,duplicate,update,apply,False,13,14,22.75309996912256,False
891,cosine_only,891,status::the_audit_log_feature::26,duplicate,duplicate,drop,False,15,15,17.320299986749887,False
892,cosine_only,892,status::the_dark_mode_rollout::20,refinement,duplicate,drop,False,17,17,22.8845999808982,False
893,cosine_only,893,ship_date::the_onboarding_revamp::3,update,duplicate,drop,False,9,9,18.425600021146238,False
894,cosine_only,894,status::the_offline_mode::35,contradiction,refinement,merge,True,6,7,21.287300041876733,False
895,cosine_only,895,ship_date::the_data_migration::30,duplicate,refinement,merge,False,13,14,18.40130001073703,False
896,cosine_only,896,ship_date::the_vendor_contract_renewal::9,refinement,refinement,merge,False,12,13,19.62710003135726,False
897,cosine_only,897,status::the_offline_mode::35,refinement,duplicate,drop,False,7,7,21.745900041423738,False
898,cosine_only,898,ship_date::the_onboarding_revamp::21,update,refinement,merge,False,25,26,21.286799979861826,False
899,cosine_only,899,status::the_offline_mode::2,duplicate,update,apply,False,24,25,22.959800029639155,False
900,cosine_only,900,ship_date::the_data_migration::30,update,refinement,merge,False,14,15,18.537299998570234,False
901,cosine_only,901,ship_date::the_onboarding_revamp::3,duplicate,refinement,merge,False,9,10,18.741699983365834,False
902,cosine_only,902,magnitude::the_support_queue::10,refinement,refinement,merge,False,20,21,20.336799963843077,False
903,cosine_only,903,status::the_audit_log_feature::26,duplicate,refinement,merge,False,15,16,15.398500021547079,False
904,cosine_only,904,status::the_export_tool::17,duplicate,duplicate,drop,False,18,18,19.126300001516938,False
905,cosine_only,905,magnitude::the_storage_quota::31,refinement,duplicate,drop,False,26,26,25.60059999814257,False
906,cosine_only,906,status::the_offline_mode::35,duplicate,refinement,merge,False,7,8,19.26520001143217,False
907,cosine_only,907,status::the_export_tool::17,update,duplicate,drop,False,18,18,18.94059998448938,False
908,cosine_only,908,ship_date::the_partner_integration::6,duplicate,refinement,merge,False,13,14,17.09500001743436,False
909,cosine_only,909,magnitude::the_infra_budget::25,refinement,refinement,merge,True,16,17,21.92049997393042,False
910,cosine_only,910,magnitude::the_support_queue::10,update,duplicate,drop,False,21,21,17.903300002217293,False
911,cosine_only,911,ship_date::the_vendor_contract_renewal::9,contradiction,refinement,merge,True,13,14,19.357899960596114,False
912,cosine_only,912,ship_date::the_onboarding_revamp::21,refinement,refinement,merge,False,26,27,18.107700045220554,False
913,cosine_only,913,magnitude::the_storage_quota::22,refinement,refinement,merge,False,20,21,18.67399999173358,False
914,cosine_only,914,status::the_audit_log_feature::26,update,refinement,merge,True,16,17,18.093799997586757,False
915,cosine_only,915,status::the_dark_mode_rollout::5,refinement,duplicate,drop,False,7,7,22.55150000564754,False
916,cosine_only,916,magnitude::the_storage_quota::22,refinement,refinement,merge,False,21,22,19.63589998194948,False
917,cosine_only,917,ship_date::the_beta_rollout::12,refinement,refinement,merge,False,16,17,20.32469998812303,False
918,cosine_only,918,magnitude::the_storage_quota::37,update,refinement,merge,False,18,19,18.940300040412694,False
919,cosine_only,919,magnitude::the_headcount_plan::28,contradiction,refinement,merge,True,12,13,27.307200012728572,False
920,cosine_only,920,ship_date::the_partner_integration::6,duplicate,refinement,merge,False,14,15,19.467099977191538,False
921,cosine_only,921,status::the_dark_mode_rollout::5,duplicate,contradiction,blocked,False,7,7,27.315700019244105,False
922,cosine_only,922,magnitude::the_storage_quota::31,refinement,refinement,merge,True,26,27,27.81399997184053,False
923,cosine_only,923,magnitude::the_infra_budget::25,duplicate,duplicate,drop,False,17,17,29.492300003767014,False
924,cosine_only,924,ship_date::the_data_migration::30,refinement,duplicate,drop,False,15,15,20.455399993807077,False
925,cosine_only,925,status::the_export_tool::17,refinement,refinement,merge,False,18,19,27.875499974470586,False
926,cosine_only,926,status::the_dark_mode_rollout::32,refinement,duplicate,drop,False,16,16,121.49079999653623,False
927,cosine_only,927,magnitude::the_storage_quota::37,refinement,update,apply,False,19,20,24.375799985136837,False
928,cosine_only,928,status::the_dark_mode_rollout::29,contradiction,refinement,merge,True,24,25,17.726699996273965,False
929,cosine_only,929,ship_date::the_onboarding_revamp::27,update,update,apply,False,17,18,19.42100003361702,False
930,cosine_only,930,status::Feature_X::8,contradiction,update,apply,True,20,21,20.61339997453615,False
931,cosine_only,931,status::the_dark_mode_rollout::20,duplicate,refinement,merge,False,17,18,19.39279999351129,False
932,cosine_only,932,ship_date::the_Q3_roadmap_review::36,contradiction,refinement,merge,True,4,5,21.78700000513345,False
933,cosine_only,933,ship_date::the_beta_rollout::24,contradiction,refinement,merge,True,11,12,16.892899991944432,False
934,cosine_only,934,status::the_offline_mode::35,duplicate,refinement,merge,False,8,9,23.17840000614524,False
935,cosine_only,935,magnitude::the_headcount_plan::28,duplicate,duplicate,drop,False,13,13,24.670800019521266,False
936,cosine_only,936,status::the_dark_mode_rollout::29,refinement,refinement,merge,False,25,26,23.10720004606992,False
937,cosine_only,937,ship_date::the_vendor_contract_renewal::18,refinement,duplicate,drop,False,10,10,20.82089998293668,False
938,cosine_only,938,magnitude::the_budget::13,update,duplicate,drop,False,20,20,19.059699960052967,False
939,cosine_only,939,status::the_dark_mode_rollout::14,duplicate,update,apply,False,11,12,18.58989999163896,False
940,cosine_only,940,ship_date::the_beta_rollout::24,refinement,refinement,merge,False,12,13,22.946499986574054,False
941,cosine_only,941,magnitude::the_storage_quota::19,duplicate,refinement,merge,False,18,19,20.716200000606477,False
942,cosine_only,942,ship_date::the_partner_integration::6,duplicate,refinement,merge,False,15,16,17.381599987857044,False
943,cosine_only,943,status::the_dark_mode_rollout::5,refinement,refinement,merge,False,7,8,22.496399993542582,False
944,cosine_only,944,ship_date::the_partner_integration::15,refinement,duplicate,drop,False,4,4,24.720899993553758,False
945,cosine_only,945,status::the_referral_program::11,refinement,duplicate,drop,False,20,20,25.563200004398823,False
946,cosine_only,946,ship_date::the_API_migration::0,refinement,duplicate,drop,False,17,17,24.786899972241372,False
947,cosine_only,947,magnitude::the_storage_quota::19,contradiction,refinement,merge,True,19,20,19.381600024644285,False
948,cosine_only,948,magnitude::the_budget::13,duplicate,duplicate,drop,False,20,20,21.230899961665273,False
949,cosine_only,949,status::the_audit_log_feature::26,duplicate,refinement,merge,False,17,18,15.417299990076572,False
950,cosine_only,950,ship_date::the_data_migration::30,update,refinement,merge,True,15,16,17.376000003423542,False
951,cosine_only,951,ship_date::the_vendor_contract_renewal::18,update,duplicate,drop,False,10,10,20.577199989929795,False
952,cosine_only,952,status::the_dark_mode_rollout::5,duplicate,contradiction,blocked,False,8,8,18.76150001771748,False
953,cosine_only,953,status::the_audit_log_feature::26,refinement,refinement,merge,False,18,19,23.226699966471642,False
954,cosine_only,954,status::the_referral_program::11,refinement,update,apply,False,20,21,27.83909998834133,False
955,cosine_only,955,magnitude::the_support_queue::10,contradiction,refinement,merge,True,21,22,19.002299988642335,False
956,cosine_only,956,status::the_dark_mode_rollout::20,refinement,duplicate,drop,False,18,18,24.22730001853779,False
957,cosine_only,957,status::the_dark_mode_rollout::20,update,update,apply,False,18,19,21.26249996945262,False
958,cosine_only,958,magnitude::the_storage_quota::31,refinement,refinement,merge,False,27,28,21.718200005125254,False
959,cosine_only,959,status::the_offline_mode::2,refinement,duplicate,drop,True,25,25,20.06710000569001,False
960,cosine_only,960,ship_date::the_onboarding_revamp::3,duplicate,refinement,merge,False,10,11,21.14809997146949,False
961,cosine_only,961,status::the_referral_program::11,update,contradiction,blocked,False,21,21,19.52749997144565,False
962,cosine_only,962,magnitude::the_headcount_plan::28,contradiction,refinement,merge,True,13,14,21.8668999732472,False
963,cosine_only,963,status::the_audit_log_feature::26,refinement,refinement,merge,False,19,20,22.08470000186935,False
964,cosine_only,964,ship_date::the_onboarding_revamp::27,refinement,refinement,merge,False,18,19,19.313399970997125,False
965,cosine_only,965,ship_date::the_beta_rollout::24,duplicate,refinement,merge,False,13,14,20.562799996696413,False
966,cosine_only,966,ship_date::the_data_migration::30,refinement,duplicate,drop,False,16,16,20.404000009875745,False
967,cosine_only,967,status::the_export_tool::17,duplicate,refinement,merge,False,19,20,20.593299996107817,False
968,cosine_only,968,ship_date::the_partner_integration::6,refinement,refinement,merge,False,16,17,19.078099983744323,False
969,cosine_only,969,magnitude::the_budget::1,update,update,apply,False,21,22,20.643600029870868,False
970,cosine_only,970,ship_date::the_data_migration::30,duplicate,duplicate,drop,False,16,16,15.304400003515184,False
971,cosine_only,971,status::the_dark_mode_rollout::29,refinement,refinement,merge,False,26,27,21.11729996977374,False
972,cosine_only,972,magnitude::the_support_queue::10,refinement,refinement,merge,False,22,23,20.60930000152439,False
973,cosine_only,973,ship_date::the_partner_integration::39,refinement,refinement,merge,True,16,17,23.01389997592196,False
974,cosine_only,974,status::the_offline_mode::35,refinement,duplicate,drop,False,9,9,22.320899995975196,False
975,cosine_only,975,status::the_offline_mode::35,update,refinement,merge,True,9,10,18.72729999013245,False
976,cosine_only,976,magnitude::the_support_queue::10,update,duplicate,drop,False,23,23,16.484599967952818,False
977,cosine_only,977,magnitude::the_storage_quota::22,refinement,refinement,merge,False,22,23,20.389500015880913,False
978,cosine_only,978,status::the_offline_mode::38,refinement,refinement,merge,False,16,17,21.593799989204854,False
979,cosine_only,979,magnitude::the_headcount_plan::16,refinement,refinement,merge,False,23,24,21.484100027009845,False
980,cosine_only,980,magnitude::the_storage_quota::22,contradiction,refinement,merge,True,23,24,17.112300032749772,False
981,cosine_only,981,ship_date::the_onboarding_revamp::27,duplicate,duplicate,drop,False,19,19,22.567000007256866,False
982,cosine_only,982,ship_date::the_onboarding_revamp::27,duplicate,update,apply,False,19,20,35.059799964074045,False
983,cosine_only,983,magnitude::the_infra_budget::34,contradiction,refinement,merge,True,20,21,16.505400009918958,False
984,cosine_only,984,magnitude::the_storage_quota::22,refinement,refinement,merge,False,24,25,18.55150004848838,False
985,cosine_only,985,status::the_offline_mode::2,refinement,duplicate,drop,False,25,25,22.63289998518303,False
986,cosine_only,986,magnitude::the_headcount_plan::28,duplicate,duplicate,drop,False,14,14,21.65529999183491,False
987,cosine_only,987,status::the_dark_mode_rollout::5,contradiction,contradiction,blocked,True,8,8,22.136099985800683,False
988,cosine_only,988,ship_date::the_data_migration::30,update,refinement,merge,False,16,17,20.184500026516616,False
989,cosine_only,989,status::the_offline_mode::38,contradiction,refinement,merge,True,17,18,19.637799996417016,False
990,cosine_only,990,magnitude::the_storage_quota::31,update,refinement,merge,False,28,29,22.534399991855025,False
991,cosine_only,991,magnitude::the_support_queue::10,duplicate,refinement,merge,False,23,24,18.42360000591725,False
992,cosine_only,992,status::Feature_X::8,contradiction,update,apply,True,21,22,20.182800013571978,False
993,cosine_only,993,status::the_referral_program::11,contradiction,update,apply,True,21,22,17.686599981971085,False
994,cosine_only,994,status::the_referral_program::11,duplicate,update,apply,False,22,23,17.406700004357845,False
995,cosine_only,995,magnitude::the_headcount_plan::28,duplicate,duplicate,drop,False,14,14,19.49630002491176,False
996,cosine_only,996,magnitude::the_budget::1,update,update,apply,False,22,23,16.946999996434897,False
997,cosine_only,997,magnitude::the_storage_quota::19,update,refinement,merge,False,20,21,16.969799995422363,False
998,cosine_only,998,status::Feature_X::8,refinement,duplicate,drop,False,22,22,23.917999991681427,False
999,cosine_only,999,magnitude::the_headcount_plan::16,update,refinement,merge,False,24,25,18.72029999503866,False
1000,cosine_only,1000,ship_date::the_onboarding_revamp::21,duplicate,update,apply,False,27,28,16.62369997939095,False
1001,cosine_only,1001,magnitude::the_headcount_plan::16,contradiction,update,apply,True,25,26,18.896900000981987,False
1002,cosine_only,1002,status::the_dark_mode_rollout::5,update,duplicate,drop,False,8,8,20.83269995637238,False
1003,cosine_only,1003,ship_date::the_onboarding_revamp::27,refinement,refinement,merge,False,20,21,20.141499990131706,False
1004,cosine_only,1004,ship_date::the_vendor_contract_renewal::18,duplicate,refinement,merge,False,10,11,29.839999973773956,False
1005,cosine_only,1005,status::the_dark_mode_rollout::5,duplicate,refinement,merge,False,8,9,26.026499981526285,False
1006,cosine_only,1006,ship_date::the_vendor_contract_renewal::9,update,refinement,merge,False,14,15,20.841300021857023,False
1007,cosine_only,1007,ship_date::the_beta_rollout::12,contradiction,refinement,merge,True,17,18,20.221400016453117,False
1008,cosine_only,1008,ship_date::the_onboarding_revamp::21,update,refinement,merge,False,28,29,23.090299975592643,False
1009,cosine_only,1009,ship_date::the_onboarding_revamp::27,update,refinement,merge,False,21,22,26.330800028517842,False
1010,cosine_only,1010,magnitude::the_headcount_plan::16,contradiction,refinement,merge,True,26,27,23.211600026115775,False
1011,cosine_only,1011,ship_date::the_partner_integration::15,duplicate,refinement,merge,False,4,5,27.19759999308735,False
1012,cosine_only,1012,status::the_referral_program::11,contradiction,update,apply,True,23,24,22.70580001641065,False
1013,cosine_only,1013,status::the_dark_mode_rollout::32,duplicate,refinement,merge,False,16,17,28.587100037839264,False
1014,cosine_only,1014,ship_date::the_beta_rollout::12,refinement,duplicate,drop,True,18,18,32.64759999001399,False
1015,cosine_only,1015,ship_date::the_partner_integration::39,duplicate,duplicate,drop,False,17,17,26.030699955299497,False
1016,cosine_only,1016,status::the_dark_mode_rollout::29,refinement,refinement,merge,False,27,28,25.817700021434575,False
1017,cosine_only,1017,magnitude::the_storage_quota::19,refinement,refinement,merge,False,21,22,20.52920003188774,False
1018,cosine_only,1018,status::the_dark_mode_rollout::5,refinement,refinement,merge,True,9,10,25.013500009663403,False
1019,cosine_only,1019,status::the_dark_mode_rollout::32,duplicate,update,apply,False,17,18,25.400199985597283,False
1020,cosine_only,1020,status::Feature_X::8,duplicate,duplicate,drop,False,22,22,23.9455999690108,False
1021,cosine_only,1021,status::Feature_X::8,contradiction,update,apply,True,22,23,20.753399992827326,False
1022,cosine_only,1022,magnitude::the_budget::13,duplicate,duplicate,drop,False,20,20,20.96749999327585,False
1023,cosine_only,1023,status::the_offline_mode::23,duplicate,refinement,merge,False,14,15,22.01819996116683,False
1024,cosine_only,1024,magnitude::the_storage_quota::31,update,refinement,merge,False,29,30,22.741799999494106,False
1025,cosine_only,1025,ship_date::the_partner_integration::15,duplicate,refinement,merge,False,5,6,30.333500006236136,False
1026,cosine_only,1026,ship_date::the_onboarding_revamp::27,refinement,duplicate,drop,False,22,22,31.491900037508458,False
1027,cosine_only,1027,magnitude::the_infra_budget::34,update,refinement,merge,False,21,22,23.869599972385913,False
1028,cosine_only,1028,status::the_referral_program::11,update,update,apply,True,24,25,19.45199997862801,False
1029,cosine_only,1029,ship_date::the_partner_integration::15,duplicate,refinement,merge,False,6,7,27.205799997318536,False
1030,cosine_only,1030,magnitude::the_marketing_spend::4,duplicate,refinement,merge,False,23,24,20.73370001744479,False
1031,cosine_only,1031,ship_date::the_data_migration::33,refinement,duplicate,drop,False,16,16,26.662000047508627,False
1032,cosine_only,1032,magnitude::the_storage_quota::19,duplicate,duplicate,drop,False,22,22,17.95239996863529,False
1033,cosine_only,1033,ship_date::the_beta_rollout::12,contradiction,refinement,merge,True,18,19,21.005199989303946,False
1034,cosine_only,1034,magnitude::the_budget::1,refinement,refinement,merge,True,23,24,20.43880004202947,False
1035,cosine_only,1035,status::the_dark_mode_rollout::5,contradiction,update,apply,True,10,11,19.59880004869774,False
1036,cosine_only,1036,ship_date::the_onboarding_revamp::3,duplicate,refinement,merge,False,11,12,21.64789999369532,False
1037,cosine_only,1037,ship_date::the_beta_rollout::24,update,refinement,merge,False,14,15,19.943499995861202,False
1038,cosine_only,1038,ship_date::the_API_migration::0,duplicate,refinement,merge,False,17,18,22.214800002984703,False
1039,cosine_only,1039,ship_date::the_onboarding_revamp::21,update,duplicate,drop,False,29,29,19.561199995223433,False
0,warden,0,ship_date::the_API_migration::0,bootstrap,bootstrap,apply,False,0,1,0.0,False
1,warden,1,magnitude::the_budget::1,bootstrap,bootstrap,apply,False,0,1,0.0,False
2,warden,2,status::the_offline_mode::2,bootstrap,bootstrap,apply,False,0,1,0.0,False
3,warden,3,ship_date::the_onboarding_revamp::3,bootstrap,bootstrap,apply,False,0,1,0.0,False
4,warden,4,magnitude::the_marketing_spend::4,bootstrap,bootstrap,apply,False,0,1,0.0,False
5,warden,5,status::the_dark_mode_rollout::5,bootstrap,bootstrap,apply,False,0,1,0.0,False
6,warden,6,ship_date::the_partner_integration::6,bootstrap,bootstrap,apply,False,0,1,0.0,False
7,warden,7,magnitude::the_budget::7,bootstrap,bootstrap,apply,False,0,1,0.0,False
8,warden,8,status::Feature_X::8,bootstrap,bootstrap,apply,False,0,1,0.0,False
9,warden,9,ship_date::the_vendor_contract_renewal::9,bootstrap,bootstrap,apply,False,0,1,0.0,False
10,warden,10,magnitude::the_support_queue::10,bootstrap,bootstrap,apply,False,0,1,0.0,False
11,warden,11,status::the_referral_program::11,bootstrap,bootstrap,apply,False,0,1,0.0,False
12,warden,12,ship_date::the_beta_rollout::12,bootstrap,bootstrap,apply,False,0,1,0.0,False
13,warden,13,magnitude::the_budget::13,bootstrap,bootstrap,apply,False,0,1,0.0,False
14,warden,14,status::the_dark_mode_rollout::14,bootstrap,bootstrap,apply,False,0,1,0.0,False
15,warden,15,ship_date::the_partner_integration::15,bootstrap,bootstrap,apply,False,0,1,0.0,False
16,warden,16,magnitude::the_headcount_plan::16,bootstrap,bootstrap,apply,False,0,1,0.0,False
17,warden,17,status::the_export_tool::17,bootstrap,bootstrap,apply,False,0,1,0.0,False
18,warden,18,ship_date::the_vendor_contract_renewal::18,bootstrap,bootstrap,apply,False,0,1,0.0,False
19,warden,19,magnitude::the_storage_quota::19,bootstrap,bootstrap,apply,False,0,1,0.0,False
20,warden,20,status::the_dark_mode_rollout::20,bootstrap,bootstrap,apply,False,0,1,0.0,False
21,warden,21,ship_date::the_onboarding_revamp::21,bootstrap,bootstrap,apply,False,0,1,0.0,False
22,warden,22,magnitude::the_storage_quota::22,bootstrap,bootstrap,apply,False,0,1,0.0,False
23,warden,23,status::the_offline_mode::23,bootstrap,bootstrap,apply,False,0,1,0.0,False
24,warden,24,ship_date::the_beta_rollout::24,bootstrap,bootstrap,apply,False,0,1,0.0,False
25,warden,25,magnitude::the_infra_budget::25,bootstrap,bootstrap,apply,False,0,1,0.0,False
26,warden,26,status::the_audit_log_feature::26,bootstrap,bootstrap,apply,False,0,1,0.0,False
27,warden,27,ship_date::the_onboarding_revamp::27,bootstrap,bootstrap,apply,False,0,1,0.0,False
28,warden,28,magnitude::the_headcount_plan::28,bootstrap,bootstrap,apply,False,0,1,0.0,False
29,warden,29,status::the_dark_mode_rollout::29,bootstrap,bootstrap,apply,False,0,1,0.0,False
30,warden,30,ship_date::the_data_migration::30,bootstrap,bootstrap,apply,False,0,1,0.0,False
31,warden,31,magnitude::the_storage_quota::31,bootstrap,bootstrap,apply,False,0,1,0.0,False
32,warden,32,status::the_dark_mode_rollout::32,bootstrap,bootstrap,apply,False,0,1,0.0,False
33,warden,33,ship_date::the_data_migration::33,bootstrap,bootstrap,apply,False,0,1,0.0,False
34,warden,34,magnitude::the_infra_budget::34,bootstrap,bootstrap,apply,False,0,1,0.0,False
35,warden,35,status::the_offline_mode::35,bootstrap,bootstrap,apply,False,0,1,0.0,False
36,warden,36,ship_date::the_Q3_roadmap_review::36,bootstrap,bootstrap,apply,False,0,1,0.0,False
37,warden,37,magnitude::the_storage_quota::37,bootstrap,bootstrap,apply,False,0,1,0.0,False
38,warden,38,status::the_offline_mode::38,bootstrap,bootstrap,apply,False,0,1,0.0,False
39,warden,39,ship_date::the_partner_integration::39,bootstrap,bootstrap,apply,False,0,1,0.0,False
40,warden,40,status::the_offline_mode::2,duplicate,duplicate,drop,False,1,1,0.19920000340789557,False
41,warden,41,status::the_offline_mode::38,duplicate,duplicate,drop,False,1,1,0.10800000745803118,False
42,warden,42,ship_date::the_data_migration::33,contradiction,contradiction,blocked,True,1,1,0.14080002438277006,False
43,warden,43,ship_date::the_beta_rollout::12,refinement,refinement,merge,False,1,2,0.12989999959245324,False
44,warden,44,status::the_dark_mode_rollout::32,refinement,duplicate,drop,False,1,1,0.10720000136643648,False
45,warden,45,ship_date::the_onboarding_revamp::27,refinement,refinement,merge,False,1,2,0.1401000190526247,False
46,warden,46,ship_date::the_vendor_contract_renewal::18,contradiction,contradiction,blocked,True,1,1,0.11679995805025101,False
47,warden,47,ship_date::the_partner_integration::6,refinement,refinement,merge,False,1,2,0.14240003656595945,False
48,warden,48,status::the_dark_mode_rollout::32,update,contradiction,blocked,False,1,1,0.16589998267591,False
49,warden,49,status::the_referral_program::11,contradiction,contradiction,blocked,True,1,1,0.09390001650899649,False
50,warden,50,ship_date::the_data_migration::30,contradiction,contradiction,blocked,True,1,1,0.11900003300979733,False
51,warden,51,magnitude::the_storage_quota::31,update,contradiction,blocked,False,1,1,0.12099999003112316,False
52,warden,52,status::the_audit_log_feature::26,update,contradiction,blocked,False,1,1,0.23110001347959042,False
53,warden,53,status::the_dark_mode_rollout::5,contradiction,update,apply,True,1,2,1293.9490000135265,True
54,warden,54,magnitude::the_storage_quota::37,duplicate,duplicate,drop,False,1,1,0.13329996727406979,False
55,warden,55,status::the_dark_mode_rollout::5,refinement,duplicate,drop,False,2,2,0.11279998579993844,False
56,warden,56,magnitude::the_budget::7,duplicate,duplicate,drop,False,1,1,0.08139997953549027,False
57,warden,57,magnitude::the_infra_budget::34,update,contradiction,blocked,False,1,1,0.112100038677454,False
58,warden,58,magnitude::the_storage_quota::22,update,contradiction,blocked,False,1,1,0.13399997260421515,False
59,warden,59,ship_date::the_Q3_roadmap_review::36,update,contradiction,blocked,False,1,1,0.16920000780373812,False
60,warden,60,status::Feature_X::8,update,contradiction,blocked,False,1,1,0.08289999095723033,False
61,warden,61,status::Feature_X::8,refinement,duplicate,drop,False,1,1,0.08949998300522566,False
62,warden,62,status::the_dark_mode_rollout::32,contradiction,contradiction,blocked,True,1,1,0.14210003428161144,False
63,warden,63,status::the_audit_log_feature::26,duplicate,duplicate,drop,False,1,1,0.1370999962091446,False
64,warden,64,status::Feature_X::8,update,contradiction,blocked,False,1,1,0.08030002936720848,False
65,warden,65,magnitude::the_storage_quota::19,contradiction,contradiction,blocked,True,1,1,0.08819997310638428,False
66,warden,66,ship_date::the_vendor_contract_renewal::9,refinement,duplicate,drop,False,1,1,0.13100000796839595,False
67,warden,67,ship_date::the_API_migration::0,duplicate,duplicate,drop,False,1,1,0.09779998799785972,False
68,warden,68,ship_date::the_beta_rollout::24,contradiction,update,apply,True,1,2,789.9922999786213,True
69,warden,69,magnitude::the_storage_quota::22,duplicate,duplicate,drop,False,1,1,0.1613000058569014,False
70,warden,70,magnitude::the_budget::1,update,contradiction,blocked,True,1,1,0.09700004011392593,False
71,warden,71,magnitude::the_storage_quota::19,refinement,contradiction,blocked,False,1,1,0.15510001685470343,False
72,warden,72,magnitude::the_storage_quota::31,contradiction,contradiction,blocked,True,1,1,4738.897799979895,True
73,warden,73,magnitude::the_support_queue::10,refinement,contradiction,blocked,False,1,1,0.15619996702298522,False
74,warden,74,ship_date::the_onboarding_revamp::27,refinement,refinement,merge,False,2,3,0.10880001354962587,False
75,warden,75,status::the_dark_mode_rollout::14,refinement,refinement,merge,False,1,2,0.112100038677454,False
76,warden,76,magnitude::the_infra_budget::25,duplicate,duplicate,drop,False,1,1,0.06729998858645558,False
77,warden,77,status::the_referral_program::11,duplicate,duplicate,drop,False,1,1,0.07650000043213367,False
78,warden,78,magnitude::the_infra_budget::34,duplicate,duplicate,drop,False,1,1,0.11999998241662979,False
79,warden,79,ship_date::the_onboarding_revamp::3,contradiction,contradiction,blocked,True,1,1,0.09560002945363522,False
80,warden,80,ship_date::the_beta_rollout::12,contradiction,contradiction,blocked,True,2,2,0.09059999138116837,False
81,warden,81,magnitude::the_budget::1,update,contradiction,blocked,False,1,1,0.10739994468167424,False
82,warden,82,ship_date::the_data_migration::33,duplicate,duplicate,drop,False,1,1,0.09469996439293027,False
83,warden,83,status::Feature_X::8,contradiction,contradiction,blocked,True,1,1,0.07709994679316878,False
84,warden,84,status::the_referral_program::11,duplicate,duplicate,drop,False,1,1,0.07499998901039362,False
85,warden,85,ship_date::the_onboarding_revamp::27,refinement,refinement,merge,False,3,4,0.13770000077784061,False
86,warden,86,ship_date::the_beta_rollout::24,contradiction,contradiction,blocked,True,2,2,0.11729996185749769,False
87,warden,87,status::the_referral_program::11,duplicate,duplicate,drop,False,1,1,0.09940000018104911,False
88,warden,88,magnitude::the_storage_quota::31,duplicate,duplicate,drop,False,1,1,0.12420001439750195,False
89,warden,89,status::the_audit_log_feature::26,contradiction,contradiction,blocked,True,1,1,0.11689995881170034,False
90,warden,90,status::the_referral_program::11,duplicate,duplicate,drop,False,1,1,0.07700000423938036,False
91,warden,91,ship_date::the_data_migration::30,refinement,refinement,merge,False,1,2,0.12340000830590725,False
92,warden,92,ship_date::the_data_migration::33,refinement,refinement,merge,False,1,2,0.10900001507252455,False
93,warden,93,magnitude::the_budget::13,update,contradiction,blocked,False,1,1,0.0999000039882958,False
94,warden,94,ship_date::the_onboarding_revamp::21,contradiction,contradiction,blocked,True,1,1,0.09249994764104486,False
95,warden,95,status::the_referral_program::11,refinement,duplicate,drop,False,1,1,0.10040000779554248,False
96,warden,96,magnitude::the_support_queue::10,refinement,refinement,merge,False,1,2,0.09079999290406704,False
97,warden,97,magnitude::the_infra_budget::34,update,contradiction,blocked,False,1,1,0.11419999646022916,False
98,warden,98,status::the_offline_mode::35,update,contradiction,blocked,False,1,1,0.139000010676682,False
99,warden,99,ship_date::the_Q3_roadmap_review::36,update,contradiction,blocked,False,1,1,0.1694000093266368,False
100,warden,100,status::Feature_X::8,update,contradiction,blocked,False,1,1,0.0798000255599618,False
101,warden,101,ship_date::the_onboarding_revamp::27,duplicate,duplicate,drop,False,4,4,0.08949998300522566,False
102,warden,102,ship_date::the_onboarding_revamp::3,duplicate,duplicate,drop,False,1,1,0.0819999841041863,False
103,warden,103,status::the_referral_program::11,update,contradiction,blocked,False,1,1,0.1349000376649201,False
104,warden,104,status::the_dark_mode_rollout::20,duplicate,duplicate,drop,False,1,1,0.0800999696366489,False
105,warden,105,magnitude::the_marketing_spend::4,duplicate,duplicate,drop,False,1,1,0.06960000609979033,False
106,warden,106,status::the_dark_mode_rollout::20,duplicate,duplicate,drop,False,1,1,0.07780001033097506,False
107,warden,107,magnitude::the_headcount_plan::16,duplicate,duplicate,drop,False,1,1,0.06920000305399299,False
108,warden,108,status::the_audit_log_feature::26,duplicate,duplicate,drop,False,1,1,0.10240002302452922,False
109,warden,109,magnitude::the_headcount_plan::16,contradiction,contradiction,blocked,True,1,1,0.07020001066848636,False
110,warden,110,ship_date::the_onboarding_revamp::3,contradiction,update,apply,True,1,2,1024.8185999807902,True
111,warden,111,magnitude::the_storage_quota::19,duplicate,duplicate,drop,False,1,1,0.10010000551119447,False
112,warden,112,status::the_offline_mode::35,duplicate,duplicate,drop,False,1,1,0.11779996566474438,False
113,warden,113,magnitude::the_storage_quota::22,refinement,refinement,merge,False,1,2,0.14619994908571243,False
114,warden,114,ship_date::the_partner_integration::39,refinement,refinement,merge,True,1,2,0.10840001050382853,False
115,warden,115,magnitude::the_budget::13,refinement,refinement,merge,False,1,2,0.14449999434873462,False
116,warden,116,magnitude::the_budget::7,refinement,refinement,merge,False,1,2,0.09190000128000975,False
117,warden,117,magnitude::the_headcount_plan::16,contradiction,contradiction,blocked,True,1,1,0.07159996312111616,False
118,warden,118,magnitude::the_storage_quota::22,duplicate,duplicate,drop,False,2,2,0.1202999847009778,False
119,warden,119,ship_date::the_onboarding_revamp::27,duplicate,duplicate,drop,False,4,4,0.11329998960718513,False
120,warden,120,ship_date::the_vendor_contract_renewal::18,contradiction,contradiction,blocked,True,1,1,0.103199970908463,False
121,warden,121,magnitude::the_budget::7,refinement,refinement,merge,False,2,3,0.08680002065375447,False
122,warden,122,magnitude::the_storage_quota::37,refinement,refinement,merge,False,1,2,0.10090001160278916,False
123,warden,123,ship_date::the_onboarding_revamp::21,refinement,refinement,merge,False,1,2,0.11090002954006195,False
124,warden,124,magnitude::the_budget::7,duplicate,duplicate,drop,False,3,3,0.06580003537237644,False
125,warden,125,magnitude::the_budget::7,duplicate,duplicate,drop,False,3,3,0.06520003080368042,False
126,warden,126,status::Feature_X::8,duplicate,duplicate,drop,False,1,1,0.09019998833537102,False
127,warden,127,status::the_offline_mode::38,refinement,duplicate,drop,False,1,1,0.11470000026747584,False
128,warden,128,magnitude::the_budget::1,update,contradiction,blocked,False,1,1,0.13780000153928995,False
129,warden,129,ship_date::the_beta_rollout::24,refinement,refinement,merge,False,2,3,0.12169999536126852,False
130,warden,130,status::the_dark_mode_rollout::14,update,contradiction,blocked,False,2,2,0.0980000477284193,False
131,warden,131,magnitude::the_budget::1,duplicate,contradiction,blocked,False,1,1,0.15839998377487063,False
132,warden,132,magnitude::the_infra_budget::34,update,contradiction,blocked,False,1,1,0.10490004206076264,False
133,warden,133,ship_date::the_vendor_contract_renewal::9,contradiction,contradiction,blocked,True,1,1,0.10449998080730438,False
134,warden,134,status::the_export_tool::17,duplicate,duplicate,drop,False,1,1,0.08269998943433166,False
135,warden,135,status::the_audit_log_feature::26,refinement,duplicate,drop,False,1,1,0.13539998326450586,False
136,warden,136,magnitude::the_storage_quota::37,refinement,refinement,merge,True,2,3,0.14669995289295912,False
137,warden,137,status::the_dark_mode_rollout::32,refinement,duplicate,drop,False,1,1,0.1954999752342701,False
138,warden,138,ship_date::the_data_migration::33,refinement,refinement,merge,False,2,3,0.10830000974237919,False
139,warden,139,ship_date::the_API_migration::0,refinement,refinement,merge,False,1,2,0.11000002268701792,False
140,warden,140,ship_date::the_onboarding_revamp::3,duplicate,duplicate,drop,False,2,2,0.09240000508725643,False
141,warden,141,status::the_dark_mode_rollout::32,contradiction,contradiction,blocked,True,1,1,0.1385000068694353,False
142,warden,142,magnitude::the_infra_budget::25,contradiction,contradiction,blocked,True,1,1,0.06980000762268901,False
143,warden,143,status::the_dark_mode_rollout::14,contradiction,contradiction,blocked,True,2,2,0.0961000332608819,False
144,warden,144,status::the_export_tool::17,refinement,duplicate,drop,False,1,1,0.10360003216192126,False
145,warden,145,magnitude::the_storage_quota::22,duplicate,duplicate,drop,False,2,2,0.11979998089373112,False
146,warden,146,status::the_dark_mode_rollout::29,refinement,refinement,merge,False,1,2,0.11039996752515435,False
147,warden,147,magnitude::the_storage_quota::37,refinement,refinement,merge,False,3,4,0.11749996338039637,False
148,warden,148,status::the_audit_log_feature::26,duplicate,duplicate,drop,False,1,1,0.10160001693293452,False
149,warden,149,ship_date::the_API_migration::0,duplicate,duplicate,drop,False,2,2,0.09129999671131372,False
150,warden,150,ship_date::the_data_migration::33,contradiction,contradiction,blocked,True,3,3,0.09300000965595245,False
151,warden,151,status::the_offline_mode::2,refinement,duplicate,drop,False,1,1,0.09379995753988624,False
152,warden,152,status::the_offline_mode::23,duplicate,duplicate,drop,False,1,1,0.069500005338341,False
153,warden,153,magnitude::the_headcount_plan::16,refinement,contradiction,blocked,False,1,1,0.09169999975711107,False
154,warden,154,magnitude::the_budget::1,update,contradiction,blocked,False,1,1,0.12510002125054598,False
155,warden,155,magnitude::the_storage_quota::37,update,contradiction,blocked,False,4,4,0.1344000338576734,False
156,warden,156,ship_date::the_beta_rollout::24,contradiction,contradiction,blocked,True,3,3,0.09280000813305378,False
157,warden,157,ship_date::the_data_migration::33,contradiction,contradiction,blocked,True,3,3,0.09190000128000975,False
158,warden,158,status::the_dark_mode_rollout::32,update,duplicate,drop,False,1,1,0.15470001380890608,False
159,warden,159,ship_date::the_beta_rollout::24,duplicate,duplicate,drop,False,3,3,0.08059997344389558,False
160,warden,160,magnitude::the_headcount_plan::16,refinement,refinement,merge,False,1,2,0.07940002251416445,False
161,warden,161,ship_date::the_beta_rollout::12,update,contradiction,blocked,False,2,2,0.08839997462928295,False
162,warden,162,ship_date::the_vendor_contract_renewal::18,duplicate,duplicate,drop,False,1,1,0.09070005035027862,False
163,warden,163,ship_date::the_beta_rollout::24,refinement,refinement,merge,False,3,4,0.10900001507252455,False
164,warden,164,ship_date::the_API_migration::0,update,contradiction,blocked,False,2,2,0.11880003148689866,False
165,warden,165,ship_date::the_onboarding_revamp::27,refinement,refinement,merge,False,4,5,0.12560002505779266,False
166,warden,166,magnitude::the_infra_budget::34,update,contradiction,blocked,False,1,1,0.10510004358366132,False
167,warden,167,status::the_dark_mode_rollout::20,duplicate,duplicate,drop,False,1,1,0.09769998723641038,False
168,warden,168,magnitude::the_support_queue::10,refinement,refinement,merge,True,2,3,0.10389997623860836,False
169,warden,169,ship_date::the_API_migration::0,refinement,refinement,merge,False,2,3,0.13409997336566448,False
170,warden,170,magnitude::the_storage_quota::19,duplicate,duplicate,drop,False,1,1,0.07939996430650353,False
171,warden,171,ship_date::the_vendor_contract_renewal::9,duplicate,duplicate,drop,False,1,1,0.09320001117885113,False
172,warden,172,ship_date::the_partner_integration::15,refinement,refinement,merge,False,1,2,0.13329996727406979,False
173,warden,173,magnitude::the_storage_quota::31,contradiction,contradiction,blocked,True,1,1,0.10269996710121632,False
174,warden,174,magnitude::the_marketing_spend::4,contradiction,update,apply,True,1,2,922.6498999632895,True
175,warden,175,magnitude::the_storage_quota::19,duplicate,duplicate,drop,False,1,1,0.2525000018067658,False
176,warden,176,magnitude::the_storage_quota::22,update,contradiction,blocked,False,2,2,0.23960001999512315,False
177,warden,177,ship_date::the_data_migration::33,duplicate,duplicate,drop,False,3,3,0.1170000177808106,False
178,warden,178,magnitude::the_storage_quota::22,duplicate,duplicate,drop,False,2,2,0.1175999641418457,False
179,warden,179,status::the_dark_mode_rollout::29,update,contradiction,blocked,False,2,2,0.12620002962648869,False
180,warden,180,magnitude::the_marketing_spend::4,refinement,contradiction,blocked,False,2,2,0.13689999468624592,False
181,warden,181,magnitude::the_storage_quota::31,duplicate,duplicate,drop,False,1,1,0.12919999426230788,False
182,warden,182,magnitude::the_headcount_plan::16,update,contradiction,blocked,False,2,2,0.1170000177808106,False
183,warden,183,ship_date::the_onboarding_revamp::27,duplicate,duplicate,drop,False,5,5,0.12370001059025526,False
184,warden,184,ship_date::the_onboarding_revamp::21,refinement,refinement,merge,False,2,3,0.10210002074018121,False
185,warden,185,magnitude::the_storage_quota::31,contradiction,contradiction,blocked,True,1,1,0.1134999911300838,False
186,warden,186,ship_date::the_beta_rollout::12,refinement,refinement,merge,False,2,3,0.10059995111078024,False
187,warden,187,magnitude::the_storage_quota::22,duplicate,duplicate,drop,False,2,2,0.13180001405999064,False
188,warden,188,magnitude::the_storage_quota::22,update,update,apply,False,2,3,15767.09049998317,True
189,warden,189,magnitude::the_budget::13,refinement,contradiction,blocked,False,2,2,0.1680999994277954,False
190,warden,190,status::Feature_X::8,update,contradiction,blocked,False,1,1,0.08450000314041972,False
191,warden,191,magnitude::the_budget::7,refinement,refinement,merge,False,3,4,0.09760004468262196,False
192,warden,192,magnitude::the_headcount_plan::28,update,refinement,merge,False,1,2,0.11510000331327319,False
193,warden,193,status::the_dark_mode_rollout::14,update,contradiction,blocked,False,2,2,0.1050999853760004,False
194,warden,194,magnitude::the_budget::7,duplicate,duplicate,drop,False,4,4,0.0754999928176403,False
195,warden,195,ship_date::the_Q3_roadmap_review::36,duplicate,contradiction,blocked,False,1,1,0.17699995078146458,False
196,warden,196,magnitude::the_infra_budget::25,refinement,refinement,merge,False,1,2,0.0990999978967011,False
197,warden,197,ship_date::the_onboarding_revamp::21,refinement,refinement,merge,False,3,4,0.1018000184558332,False
198,warden,198,magnitude::the_storage_quota::31,refinement,refinement,merge,False,1,2,0.14070002362132072,False
199,warden,199,magnitude::the_infra_budget::34,update,duplicate,drop,False,1,1,0.11690001701936126,False
200,warden,200,ship_date::the_onboarding_revamp::21,refinement,refinement,merge,True,4,5,0.1145999995060265,False
201,warden,201,ship_date::the_API_migration::0,update,update,apply,False,3,4,1043.7679000315256,True
202,warden,202,ship_date::the_onboarding_revamp::21,duplicate,duplicate,drop,False,5,5,0.14650000957772136,False
203,warden,203,ship_date::the_partner_integration::39,refinement,refinement,merge,False,2,3,0.10569998994469643,False
204,warden,204,ship_date::the_data_migration::30,update,contradiction,blocked,False,2,2,0.08150003850460052,False
205,warden,205,status::the_offline_mode::2,refinement,refinement,merge,False,1,2,0.09509996743872762,False
206,warden,206,status::the_export_tool::17,update,duplicate,drop,False,1,1,0.07950002327561378,False
207,warden,207,status::the_dark_mode_rollout::29,update,contradiction,blocked,False,2,2,0.12199999764561653,False
208,warden,208,status::the_offline_mode::23,update,contradiction,blocked,True,1,1,0.11520000407472253,False
209,warden,209,magnitude::the_infra_budget::34,update,update,apply,False,1,2,3149.2266000132076,True
210,warden,210,status::the_dark_mode_rollout::14,duplicate,duplicate,drop,False,2,2,0.14409999130293727,False
211,warden,211,magnitude::the_budget::13,contradiction,contradiction,blocked,True,2,2,14337.82820001943,True
212,warden,212,magnitude::the_storage_quota::19,update,contradiction,blocked,True,1,1,0.16739999409765005,False
213,warden,213,magnitude::the_storage_quota::37,update,contradiction,blocked,False,4,4,0.12430001515895128,False
214,warden,214,status::the_audit_log_feature::26,duplicate,duplicate,drop,False,1,1,0.12469995999708772,False
215,warden,215,status::the_offline_mode::35,duplicate,duplicate,drop,False,1,1,0.12509996304288507,False
216,warden,216,status::the_dark_mode_rollout::14,update,duplicate,drop,False,2,2,0.10130001464858651,False
217,warden,217,ship_date::the_onboarding_revamp::21,contradiction,update,apply,True,5,6,28866.519299976062,True
218,warden,218,status::the_offline_mode::38,refinement,duplicate,drop,False,1,1,0.2649999805726111,False
219,warden,219,status::the_dark_mode_rollout::20,refinement,refinement,merge,False,1,2,0.15249999705702066,False
220,warden,220,magnitude::the_storage_quota::31,duplicate,duplicate,drop,False,2,2,0.22200000239536166,False
221,warden,221,ship_date::the_data_migration::30,duplicate,duplicate,drop,False,2,2,0.09889999637380242,False
222,warden,222,magnitude::the_headcount_plan::16,update,contradiction,blocked,False,2,2,0.13010000111535192,False
223,warden,223,status::the_export_tool::17,duplicate,contradiction,blocked,False,1,1,0.16300001880154014,False
224,warden,224,magnitude::the_infra_budget::25,refinement,contradiction,blocked,False,2,2,0.10130001464858651,False
225,warden,225,status::the_audit_log_feature::26,refinement,refinement,merge,False,1,2,0.11670001549646258,False
226,warden,226,status::the_dark_mode_rollout::32,update,duplicate,drop,False,1,1,0.1259999698959291,False
227,warden,227,magnitude::the_storage_quota::19,update,contradiction,blocked,False,1,1,0.07129996083676815,False
228,warden,228,status::the_dark_mode_rollout::32,duplicate,duplicate,drop,False,1,1,0.12529996456578374,False
229,warden,229,status::the_offline_mode::38,contradiction,contradiction,blocked,True,1,1,0.08139997953549027,False
230,warden,230,status::the_dark_mode_rollout::20,refinement,duplicate,drop,False,2,2,0.08390005677938461,False
231,warden,231,magnitude::the_marketing_spend::4,refinement,refinement,merge,False,2,3,0.06639998173341155,False
232,warden,232,status::the_referral_program::11,contradiction,contradiction,blocked,True,1,1,0.09129999671131372,False
233,warden,233,ship_date::the_data_migration::33,update,contradiction,blocked,False,3,3,0.10150001617148519,False
234,warden,234,status::the_offline_mode::38,update,contradiction,blocked,False,1,1,0.10309997014701366,False
235,warden,235,ship_date::the_partner_integration::15,duplicate,duplicate,drop,False,2,2,0.07670000195503235,False
236,warden,236,status::the_dark_mode_rollout::32,duplicate,duplicate,drop,False,1,1,0.12749998131766915,False
237,warden,237,status::Feature_X::8,contradiction,contradiction,blocked,True,1,1,0.06320001557469368,False
238,warden,238,status::the_export_tool::17,refinement,refinement,merge,False,1,2,0.1330000231973827,False
239,warden,239,status::Feature_X::8,update,contradiction,blocked,False,1,1,0.10130001464858651,False
240,warden,240,status::the_dark_mode_rollout::20,update,contradiction,blocked,False,2,2,0.1411999692209065,False
241,warden,241,magnitude::the_infra_budget::34,update,contradiction,blocked,False,2,2,0.10570004815235734,False
242,warden,242,status::the_offline_mode::38,duplicate,duplicate,drop,False,1,1,0.07619999814778566,False
243,warden,243,ship_date::the_vendor_contract_renewal::9,refinement,refinement,merge,False,1,2,0.10390003444626927,False
244,warden,244,ship_date::the_Q3_roadmap_review::36,duplicate,contradiction,blocked,False,1,1,0.12719997903332114,False
245,warden,245,status::the_offline_mode::2,duplicate,duplicate,drop,False,2,2,0.05370000144466758,False
246,warden,246,magnitude::the_storage_quota::19,duplicate,duplicate,drop,False,1,1,0.06029999349266291,False
247,warden,247,status::the_referral_program::11,contradiction,contradiction,blocked,True,1,1,0.08949998300522566,False
248,warden,248,magnitude::the_infra_budget::34,duplicate,duplicate,drop,False,2,2,0.04859996261075139,False
249,warden,249,status::Feature_X::8,update,contradiction,blocked,False,1,1,0.12089998926967382,False
250,warden,250,ship_date::the_onboarding_revamp::3,duplicate,duplicate,drop,False,2,2,0.0684000551700592,False
251,warden,251,ship_date::the_vendor_contract_renewal::9,update,contradiction,blocked,False,2,2,0.11500000255182385,False
252,warden,252,magnitude::the_infra_budget::34,refinement,refinement,merge,False,2,3,0.07950002327561378,False
253,warden,253,status::the_dark_mode_rollout::32,refinement,refinement,merge,False,1,2,0.16140000661835074,False
254,warden,254,status::the_dark_mode_rollout::29,refinement,duplicate,drop,False,2,2,0.11309998808428645,False
255,warden,255,status::the_dark_mode_rollout::20,refinement,duplicate,drop,False,2,2,0.15759997768327594,False
256,warden,256,ship_date::the_data_migration::30,refinement,refinement,merge,True,2,3,0.09039998985826969,False
257,warden,257,magnitude::the_headcount_plan::16,refinement,duplicate,drop,False,2,2,0.1047999830916524,False
258,warden,258,status::the_dark_mode_rollout::32,duplicate,duplicate,drop,False,2,2,0.12310000602155924,False
259,warden,259,status::the_dark_mode_rollout::5,duplicate,duplicate,drop,False,2,2,0.07040001219138503,False
260,warden,260,ship_date::the_onboarding_revamp::27,refinement,refinement,merge,False,5,6,0.08619995787739754,False
261,warden,261,ship_date::the_partner_integration::15,update,contradiction,blocked,False,2,2,0.07810001261532307,False
262,warden,262,magnitude::the_support_queue::10,duplicate,duplicate,drop,False,3,3,0.06370001938194036,False
263,warden,263,ship_date::the_onboarding_revamp::27,refinement,refinement,merge,False,6,7,0.1002000062726438,False
264,warden,264,status::the_offline_mode::23,refinement,refinement,merge,False,1,2,0.08329999400302768,False
265,warden,265,magnitude::the_headcount_plan::28,contradiction,contradiction,blocked,True,2,2,0.09740004315972328,False
266,warden,266,status::the_dark_mode_rollout::5,update,duplicate,drop,False,2,2,0.08819997310638428,False
267,warden,267,ship_date::the_beta_rollout::12,duplicate,duplicate,drop,False,3,3,0.07349997758865356,False
268,warden,268,status::the_dark_mode_rollout::5,duplicate,contradiction,blocked,False,2,2,0.1023999648168683,False
269,warden,269,ship_date::the_partner_integration::39,refinement,refinement,merge,False,3,4,0.09089999366551638,False
270,warden,270,magnitude::the_budget::13,duplicate,duplicate,drop,False,2,2,0.11449999874457717,False
271,warden,271,ship_date::the_beta_rollout::12,update,contradiction,blocked,False,3,3,0.07239996921271086,False
272,warden,272,ship_date::the_vendor_contract_renewal::9,duplicate,contradiction,blocked,False,2,2,0.116499955765903,False
273,warden,273,status::the_export_tool::17,update,contradiction,blocked,False,2,2,0.11419999646022916,False
274,warden,274,ship_date::the_API_migration::0,refinement,refinement,merge,False,4,5,0.19049999536946416,False
275,warden,275,status::the_export_tool::17,refinement,duplicate,drop,False,2,2,0.11530000483617187,False
276,warden,276,status::Feature_X::8,refinement,duplicate,drop,False,1,1,0.11869997251778841,False
277,warden,277,status::the_dark_mode_rollout::14,duplicate,contradiction,blocked,False,2,2,0.12340000830590725,False
278,warden,278,status::the_dark_mode_rollout::29,contradiction,contradiction,blocked,True,2,2,0.09809999028220773,False
279,warden,279,magnitude::the_storage_quota::37,refinement,refinement,merge,True,4,5,0.1827000523917377,False
280,warden,280,status::the_dark_mode_rollout::20,update,duplicate,drop,False,2,2,0.1330000231973827,False
281,warden,281,status::the_dark_mode_rollout::5,contradiction,duplicate,drop,True,2,2,0.10190001921728253,False
282,warden,282,magnitude::the_storage_quota::22,refinement,refinement,merge,False,3,4,0.08460000390186906,False
283,warden,283,ship_date::the_data_migration::33,update,contradiction,blocked,False,3,3,0.08999998681247234,False
284,warden,284,status::the_dark_mode_rollout::5,duplicate,contradiction,blocked,False,2,2,0.1482000225223601,False
285,warden,285,magnitude::the_marketing_spend::4,refinement,refinement,merge,False,3,4,0.0654000323265791,False
286,warden,286,ship_date::the_partner_integration::6,refinement,refinement,merge,False,2,3,0.09429996134713292,False
287,warden,287,ship_date::the_Q3_roadmap_review::36,update,update,apply,False,1,2,1584.4182000146247,True
288,warden,288,magnitude::the_budget::1,refinement,duplicate,drop,False,1,1,0.3033000393770635,False
289,warden,289,magnitude::the_budget::1,refinement,contradiction,blocked,False,1,1,0.21220004418864846,False
290,warden,290,magnitude::the_infra_budget::34,duplicate,duplicate,drop,False,3,3,0.10880001354962587,False
291,warden,291,magnitude::the_budget::1,contradiction,update,apply,True,1,2,1016.2149000097997,True
292,warden,292,magnitude::the_marketing_spend::4,update,contradiction,blocked,False,4,4,0.1194999786093831,False
293,warden,293,ship_date::the_onboarding_revamp::21,duplicate,duplicate,drop,False,6,6,0.15929999062791467,False
294,warden,294,magnitude::the_storage_quota::19,update,contradiction,blocked,False,1,1,0.07339997682720423,False
295,warden,295,status::the_dark_mode_rollout::29,refinement,refinement,merge,False,2,3,0.1262999721802771,False
296,warden,296,status::the_dark_mode_rollout::32,refinement,refinement,merge,False,2,3,0.16300001880154014,False
297,warden,297,status::the_offline_mode::2,refinement,duplicate,drop,False,2,2,0.07979996735230088,False
298,warden,298,magnitude::the_headcount_plan::28,refinement,refinement,merge,False,2,3,0.16639998648315668,False
299,warden,299,ship_date::the_data_migration::30,duplicate,duplicate,drop,False,3,3,0.08679996244609356,False
300,warden,300,ship_date::the_data_migration::30,refinement,refinement,merge,False,3,4,0.08899997919797897,False
301,warden,301,magnitude::the_budget::13,refinement,contradiction,blocked,False,2,2,0.8273999555967748,False
302,warden,302,status::the_dark_mode_rollout::29,duplicate,duplicate,drop,False,3,3,0.12169999536126852,False
303,warden,303,ship_date::the_vendor_contract_renewal::18,update,update,apply,False,1,2,11175.247000006493,True
304,warden,304,ship_date::the_onboarding_revamp::27,refinement,refinement,merge,False,7,8,0.2364999963901937,False
305,warden,305,magnitude::the_storage_quota::22,refinement,refinement,merge,False,4,5,0.30690000858157873,False
306,warden,306,ship_date::the_data_migration::33,refinement,refinement,merge,False,3,4,0.11610001092776656,False
307,warden,307,magnitude::the_budget::13,refinement,refinement,merge,False,2,3,0.1275999820791185,False
308,warden,308,status::the_dark_mode_rollout::29,refinement,duplicate,drop,False,3,3,0.12779998360201716,False
309,warden,309,ship_date::the_partner_integration::6,duplicate,duplicate,drop,False,3,3,0.08780002826824784,False
310,warden,310,status::the_audit_log_feature::26,update,contradiction,blocked,False,2,2,0.09899999713525176,False
311,warden,311,ship_date::the_beta_rollout::12,duplicate,duplicate,drop,False,3,3,0.06210000719875097,False
312,warden,312,magnitude::the_support_queue::10,duplicate,duplicate,drop,False,3,3,0.06900000153109431,False
313,warden,313,status::the_offline_mode::23,refinement,duplicate,drop,True,2,2,0.08520000847056508,False
314,warden,314,status::the_offline_mode::2,duplicate,duplicate,drop,False,2,2,0.14670001110062003,False
315,warden,315,status::the_offline_mode::35,duplicate,duplicate,drop,False,1,1,0.11189997894689441,False
316,warden,316,magnitude::the_headcount_plan::28,duplicate,update,apply,False,3,4,1544.929800031241,True
317,warden,317,status::the_offline_mode::2,refinement,refinement,merge,False,2,3,0.15219999477267265,False
318,warden,318,status::the_dark_mode_rollout::29,contradiction,update,apply,True,3,4,1198.9297000109218,True
319,warden,319,status::the_dark_mode_rollout::32,update,contradiction,blocked,False,3,3,0.24780002422630787,False
320,warden,320,ship_date::the_beta_rollout::12,duplicate,duplicate,drop,False,3,3,0.11200003791600466,False
321,warden,321,ship_date::the_data_migration::30,update,contradiction,blocked,True,4,4,0.26439997600391507,False
322,warden,322,magnitude::the_marketing_spend::4,duplicate,duplicate,drop,False,4,4,0.08079997496679425,False
323,warden,323,ship_date::the_API_migration::0,duplicate,duplicate,drop,False,5,5,0.16980001237243414,False
324,warden,324,status::the_offline_mode::2,duplicate,duplicate,drop,False,3,3,0.08889997843652964,False
325,warden,325,magnitude::the_headcount_plan::16,refinement,duplicate,drop,True,2,2,0.1297999988310039,False
326,warden,326,magnitude::the_support_queue::10,update,contradiction,blocked,False,3,3,0.10740000288933516,False
327,warden,327,ship_date::the_partner_integration::15,refinement,refinement,merge,False,2,3,0.08339999476447701,False
328,warden,328,magnitude::the_storage_quota::22,duplicate,duplicate,drop,False,5,5,0.0790000194683671,False
329,warden,329,magnitude::the_infra_budget::25,duplicate,duplicate,drop,False,2,2,0.05809997674077749,False
330,warden,330,ship_date::the_partner_integration::15,refinement,contradiction,blocked,True,3,3,0.10539998766034842,False
331,warden,331,status::the_dark_mode_rollout::5,refinement,refinement,merge,False,2,3,0.12909999350085855,False
332,warden,332,magnitude::the_support_queue::10,update,contradiction,blocked,False,3,3,0.12410001363605261,False
333,warden,333,ship_date::the_onboarding_revamp::21,duplicate,duplicate,drop,False,6,6,0.08889997843652964,False
334,warden,334,magnitude::the_support_queue::10,refinement,contradiction,blocked,False,3,3,0.13080000644549727,False
335,warden,335,magnitude::the_marketing_spend::4,duplicate,duplicate,drop,False,4,4,0.11680001625791192,False
336,warden,336,status::Feature_X::8,update,contradiction,blocked,False,1,1,0.12059998698532581,False
337,warden,337,ship_date::the_data_migration::33,refinement,refinement,merge,False,4,5,0.10609999299049377,False
338,warden,338,ship_date::the_data_migration::30,update,contradiction,blocked,False,4,4,0.11070002801716328,False
339,warden,339,status::the_dark_mode_rollout::20,update,duplicate,drop,False,2,2,0.12059998698532581,False
340,warden,340,status::Feature_X::8,refinement,contradiction,blocked,True,1,1,0.1740000443533063,False
341,warden,341,magnitude::the_storage_quota::31,refinement,refinement,merge,False,2,3,0.11610001092776656,False
342,warden,342,ship_date::the_onboarding_revamp::21,update,contradiction,blocked,False,6,6,0.1020999625325203,False
343,warden,343,magnitude::the_storage_quota::37,duplicate,duplicate,drop,False,5,5,0.1539999502710998,False
344,warden,344,magnitude::the_headcount_plan::16,duplicate,duplicate,drop,False,2,2,1.269000000320375,False
345,warden,345,ship_date::the_beta_rollout::24,duplicate,duplicate,drop,False,4,4,0.1705000177025795,False
346,warden,346,magnitude::the_storage_quota::19,contradiction,contradiction,blocked,True,1,1,0.09490002412348986,False
347,warden,347,ship_date::the_Q3_roadmap_review::36,update,update,apply,False,2,3,43952.465200040024,True
348,warden,348,magnitude::the_budget::1,refinement,contradiction,blocked,False,2,2,0.1742999884299934,False
349,warden,349,status::the_dark_mode_rollout::29,update,contradiction,blocked,False,4,4,0.1647999742999673,False
350,warden,350,ship_date::the_data_migration::30,duplicate,duplicate,drop,False,4,4,0.15869998605921865,False
351,warden,351,magnitude::the_support_queue::10,update,contradiction,blocked,False,3,3,0.11119997361674905,False
352,warden,352,ship_date::the_data_migration::30,contradiction,contradiction,blocked,True,4,4,0.10760000441223383,False
353,warden,353,ship_date::the_API_migration::0,duplicate,duplicate,drop,False,5,5,0.1626000157557428,False
354,warden,354,magnitude::the_storage_quota::19,update,contradiction,blocked,False,1,1,0.09590003173798323,False
355,warden,355,status::the_offline_mode::38,duplicate,duplicate,drop,False,1,1,0.08059997344389558,False
356,warden,356,ship_date::the_vendor_contract_renewal::9,duplicate,duplicate,drop,False,2,2,0.12449995847418904,False
357,warden,357,ship_date::the_API_migration::0,refinement,refinement,merge,False,5,6,0.16459997277706861,False
358,warden,358,status::the_dark_mode_rollout::14,duplicate,contradiction,blocked,False,2,2,0.13200001558288932,False
359,warden,359,magnitude::the_headcount_plan::28,update,contradiction,blocked,False,4,4,0.14670001110062003,False
360,warden,360,status::the_export_tool::17,refinement,refinement,merge,False,2,3,0.12350000906735659,False
361,warden,361,magnitude::the_storage_quota::19,refinement,refinement,merge,False,1,2,0.09869999485090375,False
362,warden,362,status::the_audit_log_feature::26,update,contradiction,blocked,False,2,2,0.11729996185749769,False
363,warden,363,magnitude::the_support_queue::10,contradiction,contradiction,blocked,True,3,3,0.06549997488036752,False
364,warden,364,magnitude::the_budget::1,update,contradiction,blocked,False,2,2,0.07499998901039362,False
365,warden,365,magnitude::the_infra_budget::25,duplicate,duplicate,drop,False,2,2,0.05150004290044308,False
366,warden,366,status::the_dark_mode_rollout::20,duplicate,duplicate,drop,False,2,2,0.11319998884573579,False
367,warden,367,ship_date::the_partner_integration::6,duplicate,duplicate,drop,False,3,3,0.11619995348155499,False
368,warden,368,status::Feature_X::8,duplicate,duplicate,drop,False,1,1,0.11690001701936126,False
369,warden,369,magnitude::the_infra_budget::34,update,contradiction,blocked,False,3,3,0.05870003951713443,False
370,warden,370,magnitude::the_infra_budget::34,refinement,refinement,merge,False,3,4,0.08339999476447701,False
371,warden,371,magnitude::the_headcount_plan::16,refinement,refinement,merge,False,2,3,0.1181000261567533,False
372,warden,372,ship_date::the_partner_integration::15,contradiction,contradiction,blocked,True,3,3,0.08550001075491309,False
373,warden,373,status::the_offline_mode::2,refinement,refinement,merge,False,3,4,0.08900003740563989,False
374,warden,374,magnitude::the_storage_quota::19,update,contradiction,blocked,False,2,2,0.11099997209385037,False
375,warden,375,status::Feature_X::8,update,contradiction,blocked,False,1,1,0.1039999770000577,False
376,warden,376,magnitude::the_storage_quota::31,refinement,refinement,merge,False,3,4,0.12610002886503935,False
377,warden,377,status::the_offline_mode::2,update,contradiction,blocked,False,4,4,0.11939997784793377,False
378,warden,378,status::the_offline_mode::35,refinement,duplicate,drop,False,1,1,0.13240001862868667,False
379,warden,379,magnitude::the_infra_budget::34,refinement,refinement,merge,False,4,5,0.08319999324157834,False
380,warden,380,status::the_dark_mode_rollout::32,contradiction,contradiction,blocked,True,3,3,0.10010000551119447,False
381,warden,381,ship_date::the_partner_integration::39,duplicate,duplicate,drop,False,4,4,0.07639999967068434,False
382,warden,382,magnitude::the_storage_quota::22,refinement,refinement,merge,False,5,6,0.09689998114481568,False
383,warden,383,ship_date::the_API_migration::0,refinement,refinement,merge,False,6,7,0.2001000102609396,False
384,warden,384,ship_date::the_partner_integration::39,refinement,refinement,merge,False,4,5,0.0990999978967011,False
385,warden,385,ship_date::the_partner_integration::15,refinement,refinement,merge,False,3,4,0.08299999171867967,False
386,warden,386,magnitude::the_budget::1,refinement,refinement,merge,False,2,3,0.08709996473044157,False
387,warden,387,magnitude::the_storage_quota::31,duplicate,duplicate,drop,False,4,4,0.09370001498609781,False
388,warden,388,ship_date::the_data_migration::30,update,contradiction,blocked,False,4,4,0.14259997988119721,False
389,warden,389,ship_date::the_beta_rollout::12,refinement,refinement,merge,False,3,4,0.0858000130392611,False
390,warden,390,ship_date::the_partner_integration::6,refinement,refinement,merge,False,3,4,0.10389997623860836,False
391,warden,391,status::the_dark_mode_rollout::29,refinement,duplicate,drop,False,4,4,0.17559999832883477,False
392,warden,392,ship_date::the_partner_integration::6,update,contradiction,blocked,False,4,4,0.07799995364621282,False
393,warden,393,ship_date::the_API_migration::0,refinement,refinement,merge,False,7,8,0.20030001178383827,False
394,warden,394,ship_date::the_onboarding_revamp::21,duplicate,duplicate,drop,False,6,6,0.1094000181183219,False
395,warden,395,status::the_dark_mode_rollout::29,update,contradiction,blocked,False,4,4,0.14700001338496804,False
396,warden,396,ship_date::the_partner_integration::6,duplicate,duplicate,drop,False,4,4,0.07070001447573304,False
397,warden,397,ship_date::the_beta_rollout::12,update,contradiction,blocked,False,4,4,0.07050001295283437,False
398,warden,398,ship_date::the_onboarding_revamp::21,contradiction,contradiction,blocked,True,6,6,0.0879999715834856,False
399,warden,399,status::the_dark_mode_rollout::5,duplicate,contradiction,blocked,False,3,3,0.10520004434511065,False
400,warden,400,ship_date::the_vendor_contract_renewal::9,refinement,refinement,merge,False,2,3,0.1330000231973827,False
401,warden,401,ship_date::the_partner_integration::6,contradiction,contradiction,blocked,True,4,4,0.07740000728517771,False
402,warden,402,ship_date::the_onboarding_revamp::27,update,update,apply,False,8,9,8870.794799993746,True
403,warden,403,status::the_dark_mode_rollout::29,duplicate,duplicate,drop,False,4,4,0.2730999840423465,False
404,warden,404,magnitude::the_marketing_spend::4,refinement,refinement,merge,False,4,5,0.6958000012673438,False
405,warden,405,ship_date::the_data_migration::30,duplicate,duplicate,drop,False,4,4,0.32619998091831803,False
406,warden,406,ship_date::the_partner_integration::6,refinement,refinement,merge,False,4,5,0.12260000221431255,False
407,warden,407,ship_date::the_onboarding_revamp::27,refinement,refinement,merge,False,9,10,0.3939000307582319,False
408,warden,408,magnitude::the_infra_budget::34,duplicate,duplicate,drop,False,5,5,0.18929998623207211,False
409,warden,409,ship_date::the_onboarding_revamp::27,refinement,refinement,merge,False,10,11,0.30019995756447315,False
410,warden,410,ship_date::the_API_migration::0,contradiction,contradiction,blocked,True,8,8,0.22570003056898713,False
411,warden,411,magnitude::the_storage_quota::19,update,update,apply,False,2,3,3999.145000008866,True
412,warden,412,ship_date::the_partner_integration::6,refinement,refinement,merge,False,5,6,0.1811000402085483,False
413,warden,413,magnitude::the_marketing_spend::4,refinement,refinement,merge,False,5,6,0.16170000890269876,False
414,warden,414,ship_date::the_Q3_roadmap_review::36,update,update,apply,False,3,4,1423.900699999649,True
415,warden,415,ship_date::the_partner_integration::39,refinement,refinement,merge,False,5,6,0.3383000148460269,False
416,warden,416,status::the_offline_mode::38,refinement,duplicate,drop,False,1,1,0.18480001017451286,False
417,warden,417,magnitude::the_headcount_plan::16,refinement,duplicate,drop,True,3,3,0.15600002370774746,False
418,warden,418,status::the_dark_mode_rollout::29,duplicate,duplicate,drop,False,4,4,0.1430999836884439,False
419,warden,419,magnitude::the_headcount_plan::16,duplicate,duplicate,drop,False,3,3,0.09859999408945441,False
420,warden,420,magnitude::the_storage_quota::37,duplicate,duplicate,drop,False,5,5,0.08789997082203627,False
421,warden,421,magnitude::the_storage_quota::22,refinement,refinement,merge,False,6,7,0.11589995119720697,False
422,warden,422,magnitude::the_headcount_plan::16,refinement,refinement,merge,False,3,4,0.13890000991523266,False
423,warden,423,ship_date::the_partner_integration::15,contradiction,contradiction,blocked,True,4,4,0.11530000483617187,False
424,warden,424,status::the_offline_mode::38,contradiction,contradiction,blocked,True,1,1,0.1080999500118196,False
425,warden,425,status::the_dark_mode_rollout::20,refinement,refinement,merge,False,2,3,0.1650999765843153,False
426,warden,426,magnitude::the_budget::7,contradiction,contradiction,blocked,True,4,4,0.07889996049925685,False
427,warden,427,ship_date::the_onboarding_revamp::27,refinement,refinement,merge,False,11,12,0.21899997955188155,False
428,warden,428,ship_date::the_partner_integration::6,update,contradiction,blocked,False,6,6,0.12690003495663404,False
429,warden,429,magnitude::the_headcount_plan::28,update,contradiction,blocked,False,4,4,0.18169998656958342,False
430,warden,430,ship_date::the_API_migration::0,refinement,refinement,merge,False,8,9,0.22170000011101365,False
431,warden,431,magnitude::the_storage_quota::22,refinement,refinement,merge,False,7,8,0.23629999486729503,False
432,warden,432,ship_date::the_API_migration::0,update,update,apply,False,9,10,18965.921299997717,True
433,warden,433,magnitude::the_budget::1,duplicate,duplicate,drop,False,3,3,0.159099989105016,False
434,warden,434,ship_date::the_vendor_contract_renewal::18,contradiction,contradiction,blocked,True,2,2,0.17640000442042947,False
435,warden,435,ship_date::the_onboarding_revamp::3,contradiction,update,apply,True,2,3,1024.8185999807902,True
436,warden,436,ship_date::the_onboarding_revamp::27,update,update,apply,False,12,13,1256.6388999694027,True
437,warden,437,magnitude::the_headcount_plan::16,contradiction,contradiction,blocked,True,4,4,944.5443999720737,True
438,warden,438,ship_date::the_onboarding_revamp::3,duplicate,duplicate,drop,False,3,3,0.16229995526373386,False
439,warden,439,status::the_referral_program::11,duplicate,duplicate,drop,False,1,1,0.19829999655485153,False
440,warden,440,status::the_offline_mode::23,duplicate,duplicate,drop,False,2,2,0.109999964479357,False
441,warden,441,ship_date::the_partner_integration::39,contradiction,contradiction,blocked,True,6,6,0.11030002497136593,False
442,warden,442,ship_date::the_partner_integration::39,refinement,refinement,merge,False,6,7,0.12059998698532581,False
443,warden,443,ship_date::the_onboarding_revamp::3,update,contradiction,blocked,False,3,3,0.08999998681247234,False
444,warden,444,status::the_dark_mode_rollout::14,contradiction,duplicate,drop,True,2,2,0.1278999843634665,False
445,warden,445,magnitude::the_marketing_spend::4,duplicate,duplicate,drop,False,6,6,0.08150003850460052,False
446,warden,446,magnitude::the_marketing_spend::4,contradiction,contradiction,blocked,True,6,6,0.06930000381544232,False
447,warden,447,ship_date::the_beta_rollout::24,contradiction,contradiction,blocked,True,4,4,0.4456000169739127,False
448,warden,448,status::the_offline_mode::35,duplicate,duplicate,drop,False,1,1,0.1343999756500125,False
449,warden,449,ship_date::the_vendor_contract_renewal::18,update,contradiction,blocked,False,2,2,0.2825999981723726,False
450,warden,450,magnitude::the_headcount_plan::28,refinement,refinement,merge,False,4,5,0.25560002541169524,False
451,warden,451,magnitude::the_storage_quota::19,duplicate,duplicate,drop,False,3,3,0.12440001592040062,False
452,warden,452,magnitude::the_infra_budget::34,duplicate,duplicate,drop,False,5,5,0.06259995279833674,False
453,warden,453,magnitude::the_infra_budget::25,duplicate,duplicate,drop,False,2,2,0.05879998207092285,False
454,warden,454,magnitude::the_marketing_spend::4,update,contradiction,blocked,False,6,6,0.058100034948438406,False
455,warden,455,ship_date::the_data_migration::30,refinement,refinement,merge,False,4,5,0.1503999810665846,False
456,warden,456,ship_date::the_API_migration::0,update,update,apply,False,10,11,5968.21069996804,True
457,warden,457,ship_date::the_onboarding_revamp::27,update,update,apply,False,13,14,9247.31539998902,True
458,warden,458,ship_date::the_partner_integration::39,refinement,refinement,merge,False,7,8,0.2099000266753137,False
459,warden,459,ship_date::the_vendor_contract_renewal::18,refinement,contradiction,blocked,True,2,2,0.11490000179037452,False
460,warden,460,ship_date::the_beta_rollout::24,duplicate,duplicate,drop,False,4,4,0.05440000677481294,False
461,warden,461,magnitude::the_infra_budget::25,duplicate,duplicate,drop,False,2,2,0.05540001438930631,False
462,warden,462,ship_date::the_API_migration::0,contradiction,contradiction,blocked,True,11,11,0.08800002979114652,False
463,warden,463,status::the_dark_mode_rollout::5,refinement,refinement,merge,False,3,4,0.2452000044286251,False
464,warden,464,ship_date::the_onboarding_revamp::21,duplicate,duplicate,drop,False,6,6,0.1170000177808106,False
465,warden,465,magnitude::the_storage_quota::19,duplicate,duplicate,drop,False,3,3,0.09430001955479383,False
466,warden,466,magnitude::the_budget::7,refinement,refinement,merge,False,4,5,0.07800001185387373,False
467,warden,467,status::the_dark_mode_rollout::14,duplicate,contradiction,blocked,False,2,2,0.12320000678300858,False
468,warden,468,magnitude::the_storage_quota::22,refinement,refinement,merge,False,8,9,0.0782000133767724,False
469,warden,469,magnitude::the_support_queue::10,contradiction,contradiction,blocked,True,3,3,0.05360000068321824,False
470,warden,470,magnitude::the_headcount_plan::16,duplicate,duplicate,drop,False,4,4,0.062000006437301636,False
471,warden,471,ship_date::the_beta_rollout::24,update,contradiction,blocked,False,4,4,0.057399971410632133,False
472,warden,472,ship_date::the_beta_rollout::12,refinement,refinement,merge,False,4,5,0.0678999931551516,False
473,warden,473,status::the_offline_mode::23,duplicate,duplicate,drop,False,2,2,0.061400001868605614,False
474,warden,474,status::the_offline_mode::38,refinement,refinement,merge,False,1,2,0.08939998224377632,False
475,warden,475,magnitude::the_infra_budget::34,contradiction,update,apply,True,5,6,25876.21009995928,True
476,warden,476,magnitude::the_storage_quota::22,contradiction,contradiction,blocked,True,9,9,0.13050000416114926,False
477,warden,477,status::the_export_tool::17,contradiction,duplicate,drop,True,3,3,0.11530000483617187,False
478,warden,478,status::the_offline_mode::2,refinement,duplicate,drop,False,4,4,0.1401000190526247,False
479,warden,479,status::the_dark_mode_rollout::29,duplicate,duplicate,drop,False,4,4,0.10920001659542322,False
480,warden,480,ship_date::the_partner_integration::6,refinement,refinement,merge,False,6,7,0.15680002979934216,False
481,warden,481,status::the_audit_log_feature::26,duplicate,duplicate,drop,False,2,2,0.10649999603629112,False
482,warden,482,status::the_dark_mode_rollout::20,duplicate,duplicate,drop,False,3,3,0.09589997353032231,False
483,warden,483,status::Feature_X::8,duplicate,duplicate,drop,False,1,1,0.06949994713068008,False
484,warden,484,ship_date::the_onboarding_revamp::3,contradiction,contradiction,blocked,True,3,3,0.07730000652372837,False
485,warden,485,ship_date::the_onboarding_revamp::27,duplicate,duplicate,drop,False,14,14,0.09549997048452497,False
486,warden,486,ship_date::the_beta_rollout::12,duplicate,duplicate,drop,False,5,5,0.06719998782500625,False
487,warden,487,magnitude::the_infra_budget::34,update,contradiction,blocked,True,6,6,0.06000004941597581,False
488,warden,488,status::the_dark_mode_rollout::20,duplicate,duplicate,drop,False,3,3,0.1154000055976212,False
489,warden,489,magnitude::the_storage_quota::31,duplicate,duplicate,drop,False,4,4,0.10360003216192126,False
490,warden,490,status::the_audit_log_feature::26,contradiction,contradiction,blocked,True,2,2,0.10050000855699182,False
491,warden,491,magnitude::the_infra_budget::34,update,contradiction,blocked,False,6,6,0.0735999783501029,False
492,warden,492,ship_date::the_Q3_roadmap_review::36,duplicate,contradiction,blocked,False,4,4,0.3902000025846064,False
493,warden,493,magnitude::the_storage_quota::31,update,update,apply,False,4,5,1052.2900000214577,True
494,warden,494,ship_date::the_onboarding_revamp::21,update,update,apply,False,6,7,885.2750000078231,True
495,warden,495,magnitude::the_headcount_plan::16,refinement,refinement,merge,False,4,5,0.3169000265188515,False
496,warden,496,magnitude::the_infra_budget::25,refinement,contradiction,blocked,False,2,2,0.4759000148624182,False
497,warden,497,magnitude::the_budget::1,update,contradiction,blocked,False,3,3,0.37510000402107835,False
498,warden,498,status::the_offline_mode::38,duplicate,duplicate,drop,False,2,2,0.1010000123642385,False
499,warden,499,ship_date::the_vendor_contract_renewal::9,duplicate,contradiction,blocked,False,3,3,0.14780001947656274,False
500,warden,500,ship_date::the_data_migration::30,contradiction,contradiction,blocked,True,5,5,0.10559998918324709,False
501,warden,501,magnitude::the_storage_quota::22,duplicate,duplicate,drop,False,9,9,0.08179998258128762,False
502,warden,502,magnitude::the_headcount_plan::16,contradiction,contradiction,blocked,True,5,5,0.09180000051856041,False
503,warden,503,status::the_dark_mode_rollout::14,duplicate,contradiction,blocked,False,2,2,0.12280000373721123,False
504,warden,504,status::the_export_tool::17,update,duplicate,drop,False,3,3,0.10559998918324709,False
505,warden,505,ship_date::the_API_migration::0,refinement,refinement,merge,False,11,12,0.16029999824240804,False
506,warden,506,ship_date::the_data_migration::33,update,update,apply,False,5,6,1561.0109000117518,True
507,warden,507,status::Feature_X::8,refinement,duplicate,drop,False,1,1,0.3090000245720148,False
508,warden,508,magnitude::the_storage_quota::19,update,contradiction,blocked,False,3,3,0.4116999916732311,False
509,warden,509,ship_date::the_onboarding_revamp::27,refinement,refinement,merge,False,14,15,0.21500000730156898,False
510,warden,510,ship_date::the_beta_rollout::12,refinement,refinement,merge,True,5,6,0.1770000089891255,False
511,warden,511,magnitude::the_budget::13,update,contradiction,blocked,False,3,3,0.07569999434053898,False
512,warden,512,magnitude::the_storage_quota::31,refinement,refinement,merge,False,5,6,0.2164000179618597,False
513,warden,513,ship_date::the_partner_integration::15,refinement,refinement,merge,False,4,5,0.14830002328380942,False
514,warden,514,ship_date::the_onboarding_revamp::21,update,contradiction,blocked,False,7,7,0.1928000128827989,False
515,warden,515,status::the_referral_program::11,update,duplicate,drop,True,1,1,0.12689997674897313,False
516,warden,516,status::the_dark_mode_rollout::14,duplicate,contradiction,blocked,False,2,2,0.1406000228598714,False
517,warden,517,ship_date::the_partner_integration::39,contradiction,contradiction,blocked,True,8,8,0.08600001456215978,False
518,warden,518,status::the_dark_mode_rollout::29,refinement,duplicate,drop,True,4,4,0.1142999972216785,False
519,warden,519,ship_date::the_vendor_contract_renewal::18,duplicate,contradiction,blocked,False,2,2,0.10229996405541897,False
520,warden,520,status::the_offline_mode::2,update,contradiction,blocked,False,4,4,0.13580004451796412,False
521,warden,521,status::the_dark_mode_rollout::29,contradiction,contradiction,blocked,True,4,4,0.11229998199269176,False
522,warden,522,magnitude::the_marketing_spend::4,refinement,refinement,merge,False,6,7,0.07790001109242439,False
523,warden,523,status::the_dark_mode_rollout::32,contradiction,contradiction,blocked,True,3,3,0.11359999189153314,False
524,warden,524,status::the_dark_mode_rollout::20,refinement,duplicate,drop,False,3,3,0.13000000035390258,False
525,warden,525,status::the_export_tool::17,duplicate,duplicate,drop,False,3,3,0.1145999995060265,False
526,warden,526,ship_date::the_onboarding_revamp::3,duplicate,duplicate,drop,False,3,3,0.06749999010935426,False
527,warden,527,status::Feature_X::8,refinement,refinement,merge,False,1,2,0.10350003140047193,False
528,warden,528,ship_date::the_Q3_roadmap_review::36,refinement,refinement,merge,False,4,5,0.17339998157694936,False
529,warden,529,magnitude::the_headcount_plan::16,contradiction,contradiction,blocked,True,5,5,1195.5841000308283,True
530,warden,530,ship_date::the_API_migration::0,update,contradiction,blocked,False,12,12,0.18199998885393143,False
531,warden,531,status::the_export_tool::17,refinement,refinement,merge,False,3,4,0.1495999749749899,False
532,warden,532,ship_date::the_data_migration::33,duplicate,duplicate,drop,False,6,6,0.17289997776970267,False
533,warden,533,magnitude::the_marketing_spend::4,update,contradiction,blocked,False,7,7,0.06290001329034567,False
534,warden,534,status::the_export_tool::17,duplicate,duplicate,drop,False,4,4,0.1431000418961048,False
535,warden,535,status::the_referral_program::11,refinement,duplicate,drop,False,1,1,0.12270000297576189,False
536,warden,536,status::the_offline_mode::23,duplicate,duplicate,drop,False,2,2,0.05540001438930631,False
537,warden,537,status::the_offline_mode::35,refinement,refinement,merge,False,1,2,0.14439999358728528,False
538,warden,538,ship_date::the_API_migration::0,update,contradiction,blocked,True,12,12,0.07939996430650353,False
539,warden,539,status::the_offline_mode::2,contradiction,contradiction,blocked,True,4,4,0.08969998452812433,False
540,warden,540,status::Feature_X::8,update,contradiction,blocked,True,2,2,0.07639999967068434,False
541,warden,541,magnitude::the_budget::1,refinement,refinement,merge,False,3,4,0.2581999870017171,False
542,warden,542,ship_date::the_onboarding_revamp::3,duplicate,duplicate,drop,False,3,3,0.08289999095723033,False
543,warden,543,status::the_offline_mode::38,duplicate,duplicate,drop,False,2,2,0.18370000179857016,False
544,warden,544,ship_date::the_beta_rollout::12,duplicate,duplicate,drop,False,6,6,0.0858000130392611,False
545,warden,545,status::the_offline_mode::2,contradiction,contradiction,blocked,True,4,4,0.13970001600682735,False
546,warden,546,status::the_offline_mode::2,refinement,duplicate,drop,False,4,4,0.11670001549646258,False
547,warden,547,status::the_dark_mode_rollout::32,refinement,duplicate,drop,False,3,3,0.13370002852752805,False
548,warden,548,ship_date::the_partner_integration::6,update,contradiction,blocked,False,7,7,0.23090001195669174,False
549,warden,549,magnitude::the_marketing_spend::4,refinement,refinement,merge,False,7,8,0.07020001066848636,False
550,warden,550,ship_date::the_partner_integration::15,refinement,refinement,merge,False,5,6,0.08830003207549453,False
551,warden,551,status::the_referral_program::11,duplicate,duplicate,drop,False,1,1,0.29749999521300197,False
552,warden,552,status::the_dark_mode_rollout::32,duplicate,duplicate,drop,False,3,3,0.11480000102892518,False
553,warden,553,status::the_offline_mode::2,duplicate,duplicate,drop,False,4,4,0.08939998224377632,False
554,warden,554,magnitude::the_storage_quota::19,duplicate,duplicate,drop,False,3,3,0.11490000179037452,False
555,warden,555,magnitude::the_budget::13,duplicate,duplicate,drop,False,3,3,0.11069996980950236,False
556,warden,556,ship_date::the_API_migration::0,duplicate,duplicate,drop,False,12,12,0.09849999332800508,False
557,warden,557,ship_date::the_beta_rollout::24,refinement,refinement,merge,False,4,5,0.09320001117885113,False
558,warden,558,status::the_dark_mode_rollout::5,refinement,refinement,merge,False,4,5,0.12520002201199532,False
559,warden,559,ship_date::the_onboarding_revamp::21,refinement,refinement,merge,False,7,8,0.112100038677454,False
560,warden,560,magnitude::the_storage_quota::37,duplicate,duplicate,drop,False,5,5,0.08549995254725218,False
561,warden,561,status::the_offline_mode::2,duplicate,duplicate,drop,False,4,4,0.09599997429177165,False
562,warden,562,status::Feature_X::8,duplicate,duplicate,drop,False,2,2,0.08440000237897038,False
563,warden,563,status::the_offline_mode::2,refinement,duplicate,drop,False,4,4,0.09250000584870577,False
564,warden,564,ship_date::the_vendor_contract_renewal::9,duplicate,duplicate,drop,False,3,3,0.13489997945725918,False
565,warden,565,magnitude::the_headcount_plan::28,update,contradiction,blocked,False,5,5,0.16199995297938585,False
566,warden,566,magnitude::the_storage_quota::31,refinement,refinement,merge,False,6,7,0.16140000661835074,False
567,warden,567,ship_date::the_partner_integration::39,duplicate,duplicate,drop,False,8,8,0.08430000161752105,False
568,warden,568,status::the_offline_mode::38,duplicate,duplicate,drop,False,2,2,0.07270002970471978,False
569,warden,569,magnitude::the_marketing_spend::4,update,refinement,merge,False,8,9,0.08590001380071044,False
570,warden,570,ship_date::the_onboarding_revamp::3,duplicate,duplicate,drop,False,3,3,0.0743999844416976,False
571,warden,571,magnitude::the_storage_quota::31,update,duplicate,drop,False,7,7,0.11609995272010565,False
572,warden,572,magnitude::the_budget::7,refinement,refinement,merge,False,5,6,0.07619999814778566,False
573,warden,573,status::Feature_X::8,contradiction,contradiction,blocked,True,2,2,0.08699996396899223,False
574,warden,574,status::the_offline_mode::38,update,contradiction,blocked,False,2,2,0.08809997234493494,False
575,warden,575,magnitude::the_storage_quota::31,contradiction,duplicate,drop,True,7,7,0.07149996235966682,False
576,warden,576,ship_date::the_data_migration::30,update,contradiction,blocked,False,5,5,0.14969997573643923,False
577,warden,577,status::the_dark_mode_rollout::20,duplicate,duplicate,drop,False,3,3,0.08649996016174555,False
578,warden,578,magnitude::the_infra_budget::25,duplicate,duplicate,drop,False,2,2,0.07750000804662704,False
579,warden,579,status::the_dark_mode_rollout::14,contradiction,duplicate,drop,True,2,2,0.1270999782718718,False
580,warden,580,ship_date::the_partner_integration::6,update,contradiction,blocked,False,7,7,0.11300004553049803,False
581,warden,581,ship_date::the_data_migration::33,update,update,apply,False,6,7,7534.9531000247225,True
582,warden,582,ship_date::the_beta_rollout::12,refinement,refinement,merge,False,6,7,0.20329997641965747,False
583,warden,583,status::Feature_X::8,update,contradiction,blocked,False,2,2,0.15129998791962862,False
584,warden,584,magnitude::the_support_queue::10,refinement,contradiction,blocked,False,3,3,0.0969000393524766,False
585,warden,585,status::the_audit_log_feature::26,duplicate,duplicate,drop,False,2,2,0.11059996904805303,False
586,warden,586,ship_date::the_vendor_contract_renewal::9,refinement,refinement,merge,False,3,4,0.17280003521591425,False
587,warden,587,magnitude::the_budget::1,duplicate,duplicate,drop,False,4,4,0.07260002894327044,False
588,warden,588,ship_date::the_partner_integration::39,contradiction,contradiction,blocked,True,8,8,0.0686999992467463,False
589,warden,589,status::Feature_X::8,duplicate,duplicate,drop,False,2,2,0.12739998055621982,False
590,warden,590,magnitude::the_storage_quota::19,update,contradiction,blocked,False,3,3,0.17449998995289207,False
591,warden,591,ship_date::the_vendor_contract_renewal::18,duplicate,duplicate,drop,False,2,2,0.19079999765381217,False
592,warden,592,magnitude::the_support_queue::10,duplicate,duplicate,drop,False,3,3,0.07349997758865356,False
593,warden,593,status::the_dark_mode_rollout::29,refinement,duplicate,drop,False,4,4,0.10820000898092985,False
594,warden,594,status::the_offline_mode::38,duplicate,duplicate,drop,False,2,2,0.05709996912628412,False
595,warden,595,status::the_offline_mode::23,update,contradiction,blocked,True,2,2,0.0564999645575881,False
596,warden,596,magnitude::the_budget::7,duplicate,duplicate,drop,False,6,6,0.04569999873638153,False
597,warden,597,ship_date::the_data_migration::33,refinement,refinement,merge,False,7,8,0.19099999917671084,False
598,warden,598,ship_date::the_API_migration::0,refinement,refinement,merge,False,12,13,0.1333000254817307,False
599,warden,599,status::the_dark_mode_rollout::29,refinement,duplicate,drop,False,4,4,0.13409997336566448,False
600,warden,600,ship_date::the_partner_integration::6,duplicate,duplicate,drop,False,7,7,0.10360003216192126,False
601,warden,601,ship_date::the_vendor_contract_renewal::9,duplicate,contradiction,blocked,False,4,4,0.14830002328380942,False
602,warden,602,status::the_referral_program::11,refinement,duplicate,drop,False,1,1,0.11799996718764305,False
603,warden,603,ship_date::the_onboarding_revamp::27,refinement,refinement,merge,False,15,16,0.1601999974809587,False
604,warden,604,ship_date::the_data_migration::30,duplicate,duplicate,drop,False,5,5,0.14230003580451012,False
605,warden,605,status::Feature_X::8,refinement,duplicate,drop,False,2,2,0.24470000062137842,False
606,warden,606,status::the_offline_mode::2,refinement,duplicate,drop,False,4,4,0.11610001092776656,False
607,warden,607,magnitude::the_storage_quota::37,duplicate,duplicate,drop,False,5,5,0.1145999995060265,False
608,warden,608,ship_date::the_partner_integration::6,refinement,refinement,merge,False,7,8,0.12939999578520656,False
609,warden,609,magnitude::the_storage_quota::22,duplicate,duplicate,drop,False,9,9,0.08829997386783361,False
610,warden,610,status::the_dark_mode_rollout::29,refinement,duplicate,drop,True,4,4,0.13050000416114926,False
611,warden,611,magnitude::the_budget::13,duplicate,duplicate,drop,False,3,3,0.11289998656138778,False
612,warden,612,magnitude::the_storage_quota::37,refinement,refinement,merge,False,5,6,0.1441999920643866,False
613,warden,613,magnitude::the_budget::13,contradiction,contradiction,blocked,True,3,3,0.09270000737160444,False
614,warden,614,magnitude::the_storage_quota::31,duplicate,duplicate,drop,False,7,7,0.08139997953549027,False
615,warden,615,magnitude::the_infra_budget::25,duplicate,duplicate,drop,False,2,2,0.06290001329034567,False
616,warden,616,status::the_dark_mode_rollout::20,contradiction,update,apply,True,3,4,1002.3505999706686,True
617,warden,617,ship_date::the_beta_rollout::12,duplicate,duplicate,drop,False,7,7,0.2505999873392284,False
618,warden,618,status::the_offline_mode::23,contradiction,contradiction,blocked,True,2,2,0.08399999933317304,False
619,warden,619,ship_date::the_onboarding_revamp::3,duplicate,duplicate,drop,False,3,3,0.11480000102892518,False
620,warden,620,magnitude::the_storage_quota::31,refinement,refinement,merge,False,7,8,0.47850003466010094,False
621,warden,621,ship_date::the_data_migration::30,update,contradiction,blocked,True,5,5,0.30590000096708536,False
622,warden,622,status::the_export_tool::17,duplicate,duplicate,drop,False,4,4,0.2893999917432666,False
623,warden,623,status::the_offline_mode::23,duplicate,duplicate,drop,False,2,2,0.13299996498972178,False
624,warden,624,ship_date::the_onboarding_revamp::21,duplicate,duplicate,drop,False,8,8,0.132200017105788,False
625,warden,625,status::the_offline_mode::2,refinement,duplicate,drop,False,4,4,0.10990002192556858,False
626,warden,626,status::the_audit_log_feature::26,refinement,duplicate,drop,False,2,2,0.1346999779343605,False
627,warden,627,ship_date::the_partner_integration::6,duplicate,duplicate,drop,False,8,8,0.0906999921426177,False
628,warden,628,magnitude::the_budget::13,refinement,duplicate,drop,False,3,3,0.11409999569877982,False
629,warden,629,ship_date::the_beta_rollout::12,duplicate,duplicate,drop,False,7,7,0.08050003089010715,False
630,warden,630,magnitude::the_budget::1,contradiction,update,apply,True,4,5,32071.639199974015,True
631,warden,631,ship_date::the_API_migration::0,duplicate,duplicate,drop,False,13,13,0.17060001846402884,False
632,warden,632,magnitude::the_storage_quota::22,duplicate,duplicate,drop,False,9,9,0.0868999632075429,False
633,warden,633,ship_date::the_API_migration::0,update,update,apply,False,13,14,7841.203100048006,True
634,warden,634,status::the_export_tool::17,duplicate,duplicate,drop,False,4,4,0.15199999324977398,False
635,warden,635,status::Feature_X::8,refinement,refinement,merge,False,2,3,0.215600011870265,False
636,warden,636,magnitude::the_budget::7,duplicate,duplicate,drop,False,6,6,0.09039998985826969,False
637,warden,637,magnitude::the_budget::13,update,contradiction,blocked,False,3,3,0.1336000277660787,False
638,warden,638,ship_date::the_data_migration::33,duplicate,duplicate,drop,False,8,8,0.11779996566474438,False
639,warden,639,magnitude::the_budget::13,duplicate,duplicate,drop,False,3,3,0.1238000113517046,False
640,warden,640,magnitude::the_infra_budget::25,contradiction,update,apply,True,2,3,1060.8978000236675,True
641,warden,641,status::the_dark_mode_rollout::14,update,duplicate,drop,False,2,2,0.18900004215538502,False
642,warden,642,magnitude::the_budget::7,duplicate,duplicate,drop,False,6,6,0.07489998824894428,False
643,warden,643,status::Feature_X::8,contradiction,update,apply,True,3,4,1034.4786000205204,True
644,warden,644,magnitude::the_budget::13,duplicate,duplicate,drop,False,3,3,0.1970999874174595,False
645,warden,645,ship_date::the_data_migration::33,update,update,apply,False,8,9,1081.9365999777801,True
646,warden,646,magnitude::the_storage_quota::31,refinement,refinement,merge,False,8,9,0.19679998513311148,False
647,warden,647,magnitude::the_infra_budget::34,contradiction,contradiction,blocked,True,6,6,0.06430002395063639,False
648,warden,648,status::the_offline_mode::2,refinement,duplicate,drop,False,4,4,0.10179996024817228,False
649,warden,649,magnitude::the_storage_quota::19,duplicate,contradiction,blocked,False,3,3,0.10189996100962162,False
650,warden,650,ship_date::the_vendor_contract_renewal::18,contradiction,contradiction,blocked,True,2,2,0.11169997742399573,False
651,warden,651,status::the_dark_mode_rollout::20,refinement,duplicate,drop,False,4,4,0.13990001752972603,False
652,warden,652,status::Feature_X::8,duplicate,duplicate,drop,False,4,4,0.14910002937540412,False
653,warden,653,ship_date::the_onboarding_revamp::27,update,update,apply,False,16,17,21022.668300021905,True
654,warden,654,magnitude::the_support_queue::10,update,contradiction,blocked,False,3,3,0.18159998580813408,False
655,warden,655,magnitude::the_storage_quota::31,update,refinement,merge,False,9,10,0.15259999781847,False
656,warden,656,magnitude::the_infra_budget::25,update,refinement,merge,False,3,4,0.0971999834291637,False
657,warden,657,status::the_dark_mode_rollout::29,update,contradiction,blocked,True,4,4,0.13000000035390258,False
658,warden,658,magnitude::the_infra_budget::25,update,update,apply,False,4,5,1942.9282999481075,True
659,warden,659,magnitude::the_budget::1,refinement,duplicate,drop,False,5,5,0.26950001483783126,False
660,warden,660,status::the_dark_mode_rollout::29,refinement,duplicate,drop,True,4,4,0.23499998496845365,False
661,warden,661,ship_date::the_onboarding_revamp::21,refinement,refinement,merge,False,8,9,0.44929998693987727,False
662,warden,662,status::the_dark_mode_rollout::14,update,contradiction,blocked,False,2,2,0.2004000125452876,False
663,warden,663,status::the_offline_mode::38,refinement,duplicate,drop,False,2,2,0.09630003478378057,False
664,warden,664,ship_date::the_data_migration::30,refinement,refinement,merge,False,5,6,0.1786999637261033,False
665,warden,665,status::the_offline_mode::38,duplicate,duplicate,drop,False,2,2,0.07150002056732774,False
666,warden,666,magnitude::the_headcount_plan::16,refinement,refinement,merge,False,5,6,0.1349000376649201,False
667,warden,667,magnitude::the_storage_quota::19,update,contradiction,blocked,False,3,3,0.16090000281110406,False
668,warden,668,status::the_dark_mode_rollout::29,contradiction,contradiction,blocked,True,4,4,0.1145999995060265,False
669,warden,669,status::the_dark_mode_rollout::20,duplicate,duplicate,drop,False,4,4,0.10569998994469643,False
670,warden,670,ship_date::the_partner_integration::15,refinement,refinement,merge,False,6,7,0.10230002226307988,False
671,warden,671,status::the_audit_log_feature::26,contradiction,contradiction,blocked,True,2,2,0.11379999341443181,False
672,warden,672,ship_date::the_API_migration::0,refinement,refinement,merge,False,14,15,0.2429999876767397,False
673,warden,673,magnitude::the_storage_quota::37,refinement,refinement,merge,False,6,7,0.14870002632960677,False
674,warden,674,status::the_audit_log_feature::26,refinement,duplicate,drop,False,2,2,0.6293000187724829,False
675,warden,675,magnitude::the_storage_quota::31,refinement,refinement,merge,False,10,11,0.19079999765381217,False
676,warden,676,ship_date::the_partner_integration::15,duplicate,duplicate,drop,False,7,7,0.18499995348975062,False
677,warden,677,magnitude::the_support_queue::10,refinement,duplicate,drop,False,3,3,0.18510001245886087,False
678,warden,678,magnitude::the_infra_budget::34,duplicate,duplicate,drop,False,6,6,0.19210000755265355,False
679,warden,679,status::the_audit_log_feature::26,contradiction,contradiction,blocked,True,2,2,0.19449996761977673,False
680,warden,680,ship_date::the_partner_integration::15,refinement,refinement,merge,False,7,8,0.1267999759875238,False
681,warden,681,ship_date::the_partner_integration::39,contradiction,contradiction,blocked,True,8,8,0.12289994629099965,False
682,warden,682,ship_date::the_API_migration::0,duplicate,duplicate,drop,False,15,15,0.16629998572170734,False
683,warden,683,ship_date::the_Q3_roadmap_review::36,duplicate,duplicate,drop,False,5,5,0.20489998860284686,False
684,warden,684,magnitude::the_storage_quota::31,refinement,refinement,merge,False,11,12,0.23180001880973577,False
685,warden,685,status::the_referral_program::11,duplicate,duplicate,drop,False,1,1,0.2581999870017171,False
686,warden,686,status::Feature_X::8,update,contradiction,blocked,False,4,4,0.16980001237243414,False
687,warden,687,magnitude::the_storage_quota::31,duplicate,contradiction,blocked,False,12,12,0.17180002760142088,False
688,warden,688,status::the_dark_mode_rollout::5,duplicate,contradiction,blocked,False,5,5,0.17919996753335,False
689,warden,689,ship_date::the_onboarding_revamp::27,update,contradiction,blocked,False,17,17,0.18500001169741154,False
690,warden,690,ship_date::the_data_migration::33,contradiction,contradiction,blocked,True,9,9,0.12689997674897313,False
691,warden,691,magnitude::the_storage_quota::31,refinement,refinement,merge,False,12,13,0.15740003436803818,False
692,warden,692,ship_date::the_beta_rollout::24,duplicate,duplicate,drop,False,5,5,0.12340000830590725,False
693,warden,693,ship_date::the_vendor_contract_renewal::9,update,duplicate,drop,False,4,4,0.1531000016257167,False
694,warden,694,status::the_dark_mode_rollout::29,duplicate,duplicate,drop,False,4,4,0.11590000940486789,False
695,warden,695,status::the_export_tool::17,update,contradiction,blocked,False,4,4,0.16759999562054873,False
696,warden,696,status::the_export_tool::17,update,contradiction,blocked,False,4,4,0.16739999409765005,False
697,warden,697,magnitude::the_budget::7,update,contradiction,blocked,False,6,6,0.11699995957314968,False
698,warden,698,magnitude::the_headcount_plan::28,contradiction,contradiction,blocked,True,5,5,0.10670005576685071,False
699,warden,699,ship_date::the_vendor_contract_renewal::18,duplicate,contradiction,blocked,False,2,2,0.11339999036863446,False
700,warden,700,status::the_offline_mode::23,duplicate,duplicate,drop,False,2,2,0.06970000686123967,False
701,warden,701,magnitude::the_budget::13,update,contradiction,blocked,False,3,3,0.1471999567002058,False
702,warden,702,magnitude::the_storage_quota::19,contradiction,update,apply,True,3,4,1051.0237999842502,True
703,warden,703,status::the_offline_mode::38,update,contradiction,blocked,False,2,2,0.1503999810665846,False
704,warden,704,status::Feature_X::8,refinement,refinement,merge,False,4,5,0.1531000016257167,False
705,warden,705,magnitude::the_marketing_spend::4,contradiction,duplicate,drop,True,9,9,0.1094000181183219,False
706,warden,706,ship_date::the_Q3_roadmap_review::36,contradiction,contradiction,blocked,True,5,5,0.16459997277706861,False
707,warden,707,magnitude::the_budget::13,update,contradiction,blocked,False,3,3,0.13770000077784061,False
708,warden,708,magnitude::the_infra_budget::25,update,contradiction,blocked,False,5,5,0.16910000704228878,False
709,warden,709,magnitude::the_support_queue::10,duplicate,duplicate,drop,False,3,3,0.09440002031624317,False
710,warden,710,status::the_dark_mode_rollout::5,refinement,refinement,merge,False,5,6,0.1259999698959291,False
711,warden,711,magnitude::the_budget::7,duplicate,duplicate,drop,False,6,6,0.11590000940486789,False
712,warden,712,ship_date::the_Q3_roadmap_review::36,duplicate,duplicate,drop,False,5,5,0.1700000138953328,False
713,warden,713,magnitude::the_storage_quota::31,duplicate,contradiction,blocked,False,13,13,0.132200017105788,False
714,warden,714,magnitude::the_budget::1,duplicate,duplicate,drop,False,5,5,0.06250001024454832,False
715,warden,715,status::Feature_X::8,contradiction,contradiction,blocked,True,5,5,0.13229995965957642,False
716,warden,716,ship_date::the_partner_integration::39,update,update,apply,False,8,9,29127.56359996274,True
717,warden,717,magnitude::the_storage_quota::31,duplicate,contradiction,blocked,False,13,13,0.21819997346028686,False
718,warden,718,ship_date::the_onboarding_revamp::21,duplicate,duplicate,drop,False,9,9,0.132200017105788,False
719,warden,719,status::the_dark_mode_rollout::20,refinement,duplicate,drop,False,4,4,0.14779996126890182,False
720,warden,720,ship_date::the_data_migration::30,refinement,refinement,merge,False,6,7,0.13650004984810948,False
721,warden,721,magnitude::the_budget::13,update,contradiction,blocked,False,3,3,0.1446999958716333,False
722,warden,722,status::the_offline_mode::2,refinement,duplicate,drop,False,4,4,0.1194999786093831,False
723,warden,723,magnitude::the_headcount_plan::16,contradiction,contradiction,blocked,True,6,6,0.08229998638853431,False
724,warden,724,magnitude::the_marketing_spend::4,duplicate,contradiction,blocked,False,9,9,0.13430003309622407,False
725,warden,725,status::the_offline_mode::23,duplicate,duplicate,drop,False,2,2,0.05540001438930631,False
726,warden,726,ship_date::the_vendor_contract_renewal::18,update,contradiction,blocked,False,2,2,0.12179999612271786,False
727,warden,727,status::the_offline_mode::23,refinement,duplicate,drop,False,2,2,0.07779995212331414,False
728,warden,728,ship_date::the_onboarding_revamp::21,refinement,refinement,merge,False,9,10,0.12659997446462512,False
729,warden,729,magnitude::the_budget::1,contradiction,contradiction,blocked,True,5,5,0.09109999518841505,False
730,warden,730,ship_date::the_data_migration::33,update,contradiction,blocked,False,9,9,8716.849000018556,True
731,warden,731,ship_date::the_API_migration::0,refinement,refinement,merge,False,15,16,0.16039999900385737,False
732,warden,732,magnitude::the_marketing_spend::4,update,contradiction,blocked,False,9,9,0.13080000644549727,False
733,warden,733,magnitude::the_headcount_plan::16,refinement,duplicate,drop,False,6,6,0.10210002074018121,False
734,warden,734,ship_date::the_beta_rollout::12,duplicate,duplicate,drop,False,7,7,0.07190002361312509,False
735,warden,735,status::the_dark_mode_rollout::32,contradiction,contradiction,blocked,True,3,3,0.10309997014701366,False
736,warden,736,magnitude::the_marketing_spend::4,update,contradiction,blocked,False,9,9,0.1194999786093831,False
737,warden,737,ship_date::the_partner_integration::39,update,update,apply,False,9,10,27924.902700004168,True
738,warden,738,magnitude::the_budget::7,duplicate,duplicate,drop,False,6,6,0.12049998622387648,False
739,warden,739,ship_date::the_onboarding_revamp::21,refinement,refinement,merge,False,10,11,0.1281999866478145,False
740,warden,740,magnitude::the_headcount_plan::16,contradiction,contradiction,blocked,True,6,6,0.08329999400302768,False
741,warden,741,status::the_offline_mode::23,refinement,refinement,merge,False,2,3,0.0860999571159482,False
742,warden,742,magnitude::the_storage_quota::31,refinement,refinement,merge,False,13,14,0.14680001186206937,False
743,warden,743,ship_date::the_partner_integration::39,update,contradiction,blocked,False,10,10,0.17969997134059668,False
744,warden,744,ship_date::the_onboarding_revamp::3,update,contradiction,blocked,False,3,3,0.09919999865815043,False
745,warden,745,status::the_offline_mode::2,duplicate,duplicate,drop,False,4,4,0.10200001997873187,False
746,warden,746,ship_date::the_partner_integration::39,contradiction,contradiction,blocked,True,10,10,0.1286999904550612,False
747,warden,747,magnitude::the_marketing_spend::4,contradiction,contradiction,blocked,True,9,9,0.11749996338039637,False
748,warden,748,ship_date::the_partner_integration::39,update,update,apply,False,10,11,1027.561099966988,True
749,warden,749,magnitude::the_storage_quota::37,duplicate,duplicate,drop,False,7,7,0.15480001457035542,False
750,warden,750,ship_date::the_partner_integration::15,update,update,apply,False,8,9,873.4761999803595,True
751,warden,751,magnitude::the_storage_quota::31,duplicate,contradiction,blocked,False,14,14,0.25129999266937375,False
752,warden,752,magnitude::the_budget::13,update,update,apply,False,3,4,1308.0695000244305,True
753,warden,753,magnitude::the_headcount_plan::28,refinement,refinement,merge,False,5,6,0.33519999124109745,False
754,warden,754,ship_date::the_partner_integration::6,contradiction,contradiction,blocked,True,8,8,0.11239998275414109,False
755,warden,755,ship_date::the_vendor_contract_renewal::18,refinement,refinement,merge,False,2,3,0.16270001651719213,False
756,warden,756,magnitude::the_headcount_plan::16,refinement,refinement,merge,False,6,7,0.14650000957772136,False
757,warden,757,ship_date::the_onboarding_revamp::21,refinement,refinement,merge,False,11,12,0.13179995585232973,False
758,warden,758,status::the_dark_mode_rollout::32,contradiction,contradiction,blocked,True,3,3,0.12360000982880592,False
759,warden,759,ship_date::the_beta_rollout::24,duplicate,duplicate,drop,False,5,5,0.06809999467805028,False
760,warden,760,ship_date::the_data_migration::33,refinement,refinement,merge,False,9,10,0.14590000500902534,False
761,warden,761,status::Feature_X::8,contradiction,contradiction,blocked,True,5,5,0.09079999290406704,False
762,warden,762,status::the_referral_program::11,update,duplicate,drop,False,1,1,0.0961000332608819,False
763,warden,763,ship_date::the_onboarding_revamp::27,refinement,refinement,merge,True,17,18,0.10419997852295637,False
764,warden,764,status::the_audit_log_feature::26,update,contradiction,blocked,False,2,2,0.10040000779554248,False
765,warden,765,magnitude::the_storage_quota::22,duplicate,duplicate,drop,False,9,9,0.07260002894327044,False
766,warden,766,magnitude::the_budget::13,refinement,refinement,merge,False,4,5,0.14459999511018395,False
767,warden,767,magnitude::the_budget::1,update,update,apply,False,5,6,27781.871500017587,True
768,warden,768,status::the_audit_log_feature::26,duplicate,duplicate,drop,False,2,2,0.1306000049225986,False
769,warden,769,ship_date::the_partner_integration::39,update,update,apply,False,11,12,5072.777700028382,True
770,warden,770,magnitude::the_budget::13,update,contradiction,blocked,False,5,5,0.21510000806301832,False
771,warden,771,status::the_dark_mode_rollout::5,update,duplicate,drop,False,6,6,0.12689997674897313,False
772,warden,772,magnitude::the_budget::1,duplicate,duplicate,drop,False,6,6,0.12489996151998639,False
773,warden,773,status::the_dark_mode_rollout::29,refinement,duplicate,drop,False,4,4,0.12149999383836985,False
774,warden,774,status::the_offline_mode::35,refinement,refinement,merge,False,2,3,0.14459999511018395,False
775,warden,775,ship_date::the_Q3_roadmap_review::36,refinement,contradiction,blocked,True,5,5,1174.4887999957427,True
776,warden,776,status::the_export_tool::17,refinement,duplicate,drop,True,4,4,0.17670000670477748,False
777,warden,777,magnitude::the_marketing_spend::4,refinement,duplicate,drop,False,9,9,0.13719999697059393,False
778,warden,778,magnitude::the_headcount_plan::16,duplicate,duplicate,drop,False,7,7,0.08229998638853431,False
779,warden,779,ship_date::the_onboarding_revamp::27,duplicate,duplicate,drop,False,18,18,0.15330000314861536,False
780,warden,780,status::the_dark_mode_rollout::20,update,contradiction,blocked,False,4,4,0.1664000446908176,False
781,warden,781,status::the_export_tool::17,duplicate,duplicate,drop,False,4,4,0.09499996667727828,False
782,warden,782,magnitude::the_storage_quota::37,duplicate,duplicate,drop,False,7,7,0.0819999841041863,False
783,warden,783,status::the_offline_mode::23,update,contradiction,blocked,False,3,3,0.08060003165155649,False
784,warden,784,magnitude::the_budget::7,update,update,apply,False,6,7,22274.915800022427,True
785,warden,785,magnitude::the_storage_quota::22,refinement,duplicate,drop,False,9,9,0.13930001296103,False
786,warden,786,magnitude::the_storage_quota::31,refinement,refinement,merge,False,14,15,0.18829997861757874,False
787,warden,787,ship_date::the_beta_rollout::24,update,update,apply,False,5,6,1080.9034000267275,True
788,warden,788,ship_date::the_vendor_contract_renewal::9,duplicate,contradiction,blocked,False,4,4,0.4319000290706754,False
789,warden,789,ship_date::the_API_migration::0,contradiction,contradiction,blocked,True,16,16,0.5747000104747713,False
790,warden,790,status::the_export_tool::17,refinement,duplicate,drop,False,4,4,0.2093000221066177,False
791,warden,791,ship_date::the_onboarding_revamp::21,duplicate,duplicate,drop,False,12,12,0.09740004315972328,False
792,warden,792,magnitude::the_budget::1,update,update,apply,False,6,7,1321.2810999830253,True
793,warden,793,status::the_dark_mode_rollout::29,refinement,duplicate,drop,False,4,4,0.2095999661833048,False
794,warden,794,magnitude::the_headcount_plan::28,update,update,apply,False,6,7,1373.4884999576025,True
795,warden,795,ship_date::the_data_migration::33,refinement,refinement,merge,False,10,11,0.30260003404691815,False
796,warden,796,ship_date::the_Q3_roadmap_review::36,refinement,refinement,merge,False,5,6,0.35589997423812747,False
797,warden,797,magnitude::the_budget::7,contradiction,contradiction,blocked,True,7,7,0.11959997937083244,False
798,warden,798,magnitude::the_infra_budget::34,refinement,duplicate,drop,False,6,6,0.14029996236786246,False
799,warden,799,status::the_dark_mode_rollout::20,update,contradiction,blocked,False,4,4,0.20420004148036242,False
800,warden,800,ship_date::the_API_migration::0,refinement,refinement,merge,False,16,17,0.2452000044286251,False
801,warden,801,ship_date::the_vendor_contract_renewal::18,refinement,refinement,merge,False,3,4,0.2101999707520008,False
802,warden,802,status::the_audit_log_feature::26,duplicate,duplicate,drop,False,2,2,0.07670000195503235,False
803,warden,803,magnitude::the_infra_budget::34,refinement,duplicate,drop,False,6,6,0.08809997234493494,False
804,warden,804,ship_date::the_onboarding_revamp::21,refinement,refinement,merge,False,12,13,0.11199997970834374,False
805,warden,805,status::the_referral_program::11,refinement,duplicate,drop,False,1,1,0.11999998241662979,False
806,warden,806,ship_date::the_data_migration::33,refinement,refinement,merge,False,11,12,0.12209999840706587,False
807,warden,807,magnitude::the_headcount_plan::16,refinement,refinement,merge,False,7,8,0.11600001016631722,False
808,warden,808,status::the_audit_log_feature::26,contradiction,update,apply,True,2,3,18224.888100055978,True
809,warden,809,status::the_offline_mode::2,update,duplicate,drop,False,4,4,0.11129997437819839,False
810,warden,810,magnitude::the_marketing_spend::4,duplicate,duplicate,drop,False,9,9,0.12930005323141813,False
811,warden,811,magnitude::the_headcount_plan::28,refinement,update,apply,False,7,8,1413.8322999933735,True
812,warden,812,ship_date::the_onboarding_revamp::3,duplicate,duplicate,drop,False,3,3,0.21569995442405343,False
813,warden,813,status::the_dark_mode_rollout::20,duplicate,duplicate,drop,False,4,4,0.1674999948590994,False
814,warden,814,status::the_offline_mode::2,refinement,contradiction,blocked,False,4,4,0.1542000100016594,False
815,warden,815,magnitude::the_storage_quota::31,duplicate,contradiction,blocked,False,15,15,0.14130002819001675,False
816,warden,816,ship_date::the_onboarding_revamp::21,refinement,refinement,merge,False,13,14,0.11740002082660794,False
817,warden,817,magnitude::the_storage_quota::37,refinement,refinement,merge,True,7,8,0.1230000052601099,False
818,warden,818,ship_date::the_beta_rollout::24,contradiction,contradiction,blocked,True,6,6,0.10390003444626927,False
819,warden,819,status::the_referral_program::11,contradiction,duplicate,drop,True,1,1,0.08919998072087765,False
820,warden,820,magnitude::the_budget::13,contradiction,contradiction,blocked,True,5,5,44119.77410002146,True
821,warden,821,ship_date::the_data_migration::33,update,update,apply,False,12,13,6042.599700042047,True
822,warden,822,ship_date::the_data_migration::30,duplicate,duplicate,drop,False,7,7,0.19619998056441545,False
823,warden,823,status::the_export_tool::17,contradiction,contradiction,blocked,True,4,4,0.11590000940486789,False
824,warden,824,magnitude::the_budget::7,refinement,refinement,merge,False,7,8,0.10599999222904444,False
825,warden,825,status::the_dark_mode_rollout::20,duplicate,duplicate,drop,False,4,4,0.1382000045850873,False
826,warden,826,magnitude::the_budget::7,contradiction,contradiction,blocked,True,8,8,0.07819995516911149,False
827,warden,827,magnitude::the_storage_quota::31,refinement,refinement,merge,False,15,16,0.18559995805844665,False
828,warden,828,magnitude::the_infra_budget::25,refinement,refinement,merge,False,5,6,0.16270001651719213,False
829,warden,829,magnitude::the_storage_quota::19,update,contradiction,blocked,False,4,4,0.14300004113465548,False
830,warden,830,ship_date::the_beta_rollout::12,contradiction,contradiction,blocked,True,7,7,0.08999998681247234,False
831,warden,831,magnitude::the_support_queue::10,duplicate,duplicate,drop,False,3,3,0.27000001864507794,False
832,warden,832,status::the_export_tool::17,contradiction,contradiction,blocked,True,4,4,0.0990999978967011,False
833,warden,833,status::the_offline_mode::35,refinement,refinement,merge,False,3,4,0.15059998258948326,False
834,warden,834,magnitude::the_budget::7,refinement,duplicate,drop,False,8,8,0.09799998952075839,False
835,warden,835,status::the_export_tool::17,update,contradiction,blocked,False,4,4,0.15380000695586205,False
836,warden,836,ship_date::the_API_migration::0,contradiction,contradiction,blocked,True,17,17,0.14720001490786672,False
837,warden,837,status::the_offline_mode::2,duplicate,contradiction,blocked,False,4,4,0.11550000635907054,False
838,warden,838,status::the_audit_log_feature::26,refinement,refinement,merge,False,3,4,0.09689998114481568,False
839,warden,839,magnitude::the_storage_quota::19,refinement,refinement,merge,False,4,5,0.1362999901175499,False
840,warden,840,magnitude::the_budget::13,contradiction,contradiction,blocked,True,5,5,1134.2374999658205,True
841,warden,841,magnitude::the_storage_quota::19,duplicate,duplicate,drop,False,5,5,0.20820001373067498,False
842,warden,842,ship_date::the_beta_rollout::12,update,contradiction,blocked,False,7,7,0.14409999130293727,False
843,warden,843,status::the_dark_mode_rollout::32,contradiction,contradiction,blocked,True,3,3,0.12260000221431255,False
844,warden,844,magnitude::the_budget::13,contradiction,contradiction,blocked,True,5,5,0.12550002429634333,False
845,warden,845,ship_date::the_vendor_contract_renewal::18,duplicate,duplicate,drop,False,4,4,0.1221999991685152,False
846,warden,846,ship_date::the_onboarding_revamp::21,update,contradiction,blocked,False,14,14,0.14849996659904718,False
847,warden,847,ship_date::the_vendor_contract_renewal::18,contradiction,contradiction,blocked,True,4,4,0.11439999798312783,False
848,warden,848,status::the_dark_mode_rollout::20,update,contradiction,blocked,False,4,4,0.1406999654136598,False
849,warden,849,magnitude::the_support_queue::10,refinement,contradiction,blocked,False,3,3,0.16259995754808187,False
850,warden,850,status::Feature_X::8,refinement,refinement,merge,False,5,6,0.14189997455105186,False
851,warden,851,magnitude::the_budget::1,contradiction,contradiction,blocked,True,7,7,0.10710000060498714,False
852,warden,852,magnitude::the_storage_quota::19,update,contradiction,blocked,False,5,5,0.14489999739453197,False
853,warden,853,magnitude::the_marketing_spend::4,refinement,duplicate,drop,True,9,9,0.10010000551119447,False
854,warden,854,ship_date::the_beta_rollout::24,update,contradiction,blocked,False,6,6,1357.1813999442384,True
855,warden,855,ship_date::the_onboarding_revamp::21,contradiction,contradiction,blocked,True,14,14,29016.163100022823,True
856,warden,856,ship_date::the_partner_integration::39,duplicate,duplicate,drop,False,12,12,0.2671999973244965,False
857,warden,857,status::the_referral_program::11,contradiction,duplicate,drop,True,1,1,0.09240000508725643,False
858,warden,858,magnitude::the_marketing_spend::4,refinement,duplicate,drop,True,9,9,0.125400023534894,False
859,warden,859,magnitude::the_infra_budget::34,refinement,duplicate,drop,False,6,6,0.09330001194030046,False
860,warden,860,magnitude::the_storage_quota::37,refinement,refinement,merge,False,8,9,0.11560000712051988,False
861,warden,861,magnitude::the_storage_quota::22,duplicate,duplicate,drop,False,9,9,0.08450000314041972,False
862,warden,862,status::the_dark_mode_rollout::32,duplicate,duplicate,drop,False,3,3,0.13830000534653664,False
863,warden,863,magnitude::the_budget::1,duplicate,duplicate,drop,False,7,7,0.14640000881627202,False
864,warden,864,status::the_offline_mode::2,contradiction,duplicate,drop,True,4,4,0.10430003749206662,False
865,warden,865,magnitude::the_storage_quota::19,refinement,refinement,merge,False,5,6,0.12609997065737844,False
866,warden,866,status::the_offline_mode::23,refinement,duplicate,drop,False,3,3,0.08460000390186906,False
867,warden,867,status::the_referral_program::11,refinement,refinement,merge,False,1,2,0.13880000915378332,False
868,warden,868,status::the_export_tool::17,duplicate,duplicate,drop,False,4,4,0.10649999603629112,False
869,warden,869,ship_date::the_data_migration::33,refinement,refinement,merge,False,13,14,0.22620003437623382,False
870,warden,870,magnitude::the_support_queue::10,duplicate,duplicate,drop,False,3,3,0.10240002302452922,False
871,warden,871,ship_date::the_onboarding_revamp::21,duplicate,update,apply,False,14,15,11946.38889998896,True
872,warden,872,status::the_offline_mode::2,duplicate,duplicate,drop,False,4,4,0.1832999987527728,False
873,warden,873,ship_date::the_data_migration::33,refinement,refinement,merge,False,14,15,0.4387000226415694,False
874,warden,874,status::the_export_tool::17,duplicate,duplicate,drop,False,4,4,0.24340004893019795,False
875,warden,875,ship_date::the_onboarding_revamp::21,duplicate,duplicate,drop,False,15,15,0.25560002541169524,False
876,warden,876,magnitude::the_storage_quota::37,update,contradiction,blocked,False,9,9,0.34199998481199145,False
877,warden,877,magnitude::the_budget::7,update,update,apply,False,8,9,14910.342499963008,True
878,warden,878,magnitude::the_headcount_plan::28,duplicate,duplicate,drop,False,8,8,0.1944000250659883,False
879,warden,879,status::the_dark_mode_rollout::14,refinement,refinement,merge,False,2,3,0.15890004578977823,False
880,warden,880,ship_date::the_partner_integration::15,refinement,duplicate,drop,False,9,9,0.2552999649196863,False
881,warden,881,status::the_export_tool::17,duplicate,duplicate,drop,False,4,4,0.1430999836884439,False
882,warden,882,magnitude::the_storage_quota::22,refinement,duplicate,drop,True,9,9,0.11259998427703977,False
883,warden,883,status::the_offline_mode::23,refinement,duplicate,drop,False,3,3,0.08219998562708497,False
884,warden,884,status::the_offline_mode::38,duplicate,duplicate,drop,False,2,2,0.06890000076964498,False
885,warden,885,status::the_offline_mode::38,contradiction,contradiction,blocked,True,2,2,0.07740000728517771,False
886,warden,886,magnitude::the_infra_budget::34,contradiction,update,apply,True,6,7,37922.11009998573,True
887,warden,887,ship_date::the_beta_rollout::12,refinement,refinement,merge,False,7,8,0.2161000156775117,False
888,warden,888,ship_date::the_beta_rollout::12,duplicate,duplicate,drop,False,8,8,0.12799998512491584,False
889,warden,889,magnitude::the_headcount_plan::28,update,update,apply,False,8,9,990.8249999862164,True
890,warden,890,status::the_offline_mode::23,duplicate,duplicate,drop,False,3,3,0.17330003902316093,False
891,warden,891,status::the_audit_log_feature::26,duplicate,duplicate,drop,False,4,4,0.07290003122761846,False
892,warden,892,status::the_dark_mode_rollout::20,refinement,duplicate,drop,False,4,4,0.11960003757849336,False
893,warden,893,ship_date::the_onboarding_revamp::3,update,contradiction,blocked,False,3,3,0.15109998639672995,False
894,warden,894,status::the_offline_mode::35,contradiction,contradiction,blocked,True,4,4,0.10140001541003585,False
895,warden,895,ship_date::the_data_migration::30,duplicate,duplicate,drop,False,7,7,0.11530000483617187,False
896,warden,896,ship_date::the_vendor_contract_renewal::9,refinement,contradiction,blocked,False,4,4,0.18309999722987413,False
897,warden,897,status::the_offline_mode::35,refinement,duplicate,drop,False,4,4,0.14259997988119721,False
898,warden,898,ship_date::the_onboarding_revamp::21,update,contradiction,blocked,False,15,15,0.14459999511018395,False
899,warden,899,status::the_offline_mode::2,duplicate,contradiction,blocked,False,4,4,0.19580003572627902,False
900,warden,900,ship_date::the_data_migration::30,update,contradiction,blocked,False,7,7,0.09869999485090375,False
901,warden,901,ship_date::the_onboarding_revamp::3,duplicate,contradiction,blocked,False,3,3,0.10489998385310173,False
902,warden,902,magnitude::the_support_queue::10,refinement,duplicate,drop,False,3,3,0.1126999850384891,False
903,warden,903,status::the_audit_log_feature::26,duplicate,duplicate,drop,False,4,4,0.07149996235966682,False
904,warden,904,status::the_export_tool::17,duplicate,duplicate,drop,False,4,4,0.13760000001639128,False
905,warden,905,magnitude::the_storage_quota::31,refinement,refinement,merge,False,16,17,0.13940001372247934,False
906,warden,906,status::the_offline_mode::35,duplicate,duplicate,drop,False,4,4,0.12649997370317578,False
907,warden,907,status::the_export_tool::17,update,contradiction,blocked,False,4,4,0.14889996964484453,False
908,warden,908,ship_date::the_partner_integration::6,duplicate,duplicate,drop,False,8,8,0.09219994535669684,False
909,warden,909,magnitude::the_infra_budget::25,refinement,refinement,merge,True,6,7,0.16960001084953547,False
910,warden,910,magnitude::the_support_queue::10,update,contradiction,blocked,False,3,3,0.09849999332800508,False
911,warden,911,ship_date::the_vendor_contract_renewal::9,contradiction,contradiction,blocked,True,4,4,0.12229999992996454,False
912,warden,912,ship_date::the_onboarding_revamp::21,refinement,duplicate,drop,False,15,15,1.201900013256818,False
913,warden,913,magnitude::the_storage_quota::22,refinement,refinement,merge,False,9,10,0.42990001384168863,False
914,warden,914,status::the_audit_log_feature::26,update,contradiction,blocked,True,4,4,0.5156999686732888,False
915,warden,915,status::the_dark_mode_rollout::5,refinement,duplicate,drop,False,6,6,0.16719999257475138,False
916,warden,916,magnitude::the_storage_quota::22,refinement,duplicate,drop,False,10,10,0.09280000813305378,False
917,warden,917,ship_date::the_beta_rollout::12,refinement,refinement,merge,False,8,9,0.1422999775968492,False
918,warden,918,magnitude::the_storage_quota::37,update,refinement,merge,False,9,10,0.10629999451339245,False
919,warden,919,magnitude::the_headcount_plan::28,contradiction,update,apply,True,9,10,1255.7789999991655,True
920,warden,920,ship_date::the_partner_integration::6,duplicate,duplicate,drop,False,8,8,0.26050000451505184,False
921,warden,921,status::the_dark_mode_rollout::5,duplicate,duplicate,drop,False,6,6,0.27899997076019645,False
922,warden,922,magnitude::the_storage_quota::31,refinement,refinement,merge,True,17,18,0.27240003691986203,False
923,warden,923,magnitude::the_infra_budget::25,duplicate,duplicate,drop,False,7,7,0.22770004579797387,False
924,warden,924,ship_date::the_data_migration::30,refinement,refinement,merge,False,7,8,0.15330000314861536,False
925,warden,925,status::the_export_tool::17,refinement,duplicate,drop,False,4,4,0.21879997802898288,False
926,warden,926,status::the_dark_mode_rollout::32,refinement,duplicate,drop,False,3,3,0.21319999359548092,False
927,warden,927,magnitude::the_storage_quota::37,refinement,contradiction,blocked,False,10,10,0.25939999613910913,False
928,warden,928,status::the_dark_mode_rollout::29,contradiction,contradiction,blocked,True,4,4,0.16609998419880867,False
929,warden,929,ship_date::the_onboarding_revamp::27,update,update,apply,False,18,19,1225.4392000031658,True
930,warden,930,status::Feature_X::8,contradiction,contradiction,blocked,True,6,6,0.1564000267535448,False
931,warden,931,status::the_dark_mode_rollout::20,duplicate,duplicate,drop,False,4,4,0.08319999324157834,False
932,warden,932,ship_date::the_Q3_roadmap_review::36,contradiction,contradiction,blocked,True,6,6,0.27489999774843454,False
933,warden,933,ship_date::the_beta_rollout::24,contradiction,contradiction,blocked,True,6,6,0.09079999290406704,False
934,warden,934,status::the_offline_mode::35,duplicate,duplicate,drop,False,4,4,0.11309998808428645,False
935,warden,935,magnitude::the_headcount_plan::28,duplicate,duplicate,drop,False,10,10,0.10379997547715902,False
936,warden,936,status::the_dark_mode_rollout::29,refinement,duplicate,drop,False,4,4,0.12689997674897313,False
937,warden,937,ship_date::the_vendor_contract_renewal::18,refinement,refinement,merge,False,4,5,0.12660003267228603,False
938,warden,938,magnitude::the_budget::13,update,contradiction,blocked,False,5,5,0.14049996389076114,False
939,warden,939,status::the_dark_mode_rollout::14,duplicate,duplicate,drop,False,3,3,0.09660003706812859,False
940,warden,940,ship_date::the_beta_rollout::24,refinement,refinement,merge,False,6,7,0.12229999992996454,False
941,warden,941,magnitude::the_storage_quota::19,duplicate,duplicate,drop,False,6,6,0.09379995753988624,False
942,warden,942,ship_date::the_partner_integration::6,duplicate,duplicate,drop,False,8,8,0.08559995330870152,False
943,warden,943,status::the_dark_mode_rollout::5,refinement,duplicate,drop,False,6,6,0.14919997192919254,False
944,warden,944,ship_date::the_partner_integration::15,refinement,duplicate,drop,False,9,9,0.21299999207258224,False
945,warden,945,status::the_referral_program::11,refinement,duplicate,drop,False,2,2,0.12089998926967382,False
946,warden,946,ship_date::the_API_migration::0,refinement,refinement,merge,False,17,18,0.20600005518645048,False
947,warden,947,magnitude::the_storage_quota::19,contradiction,contradiction,blocked,True,6,6,0.09089999366551638,False
948,warden,948,magnitude::the_budget::13,duplicate,duplicate,drop,False,5,5,0.12750003952533007,False
949,warden,949,status::the_audit_log_feature::26,duplicate,duplicate,drop,False,4,4,0.06880000000819564,False
950,warden,950,ship_date::the_data_migration::30,update,contradiction,blocked,True,8,8,0.1037000329233706,False
951,warden,951,ship_date::the_vendor_contract_renewal::18,update,contradiction,blocked,False,5,5,0.14100002590566874,False
952,warden,952,status::the_dark_mode_rollout::5,duplicate,duplicate,drop,False,6,6,0.10349997319281101,False
953,warden,953,status::the_audit_log_feature::26,refinement,refinement,merge,False,4,5,0.09859999408945441,False
954,warden,954,status::the_referral_program::11,refinement,refinement,merge,False,2,3,0.13979995856061578,False
955,warden,955,magnitude::the_support_queue::10,contradiction,contradiction,blocked,True,3,3,0.07230002665892243,False
956,warden,956,status::the_dark_mode_rollout::20,refinement,duplicate,drop,False,4,4,0.10850001126527786,False
957,warden,957,status::the_dark_mode_rollout::20,update,contradiction,blocked,False,4,4,0.16379996668547392,False
958,warden,958,magnitude::the_storage_quota::31,refinement,refinement,merge,False,18,19,0.14839996583759785,False
959,warden,959,status::the_offline_mode::2,refinement,duplicate,drop,True,4,4,0.10920001659542322,False
960,warden,960,ship_date::the_onboarding_revamp::3,duplicate,duplicate,drop,False,3,3,0.11139997513964772,False
961,warden,961,status::the_referral_program::11,update,duplicate,drop,False,3,3,0.08939998224377632,False
962,warden,962,magnitude::the_headcount_plan::28,contradiction,contradiction,blocked,True,10,10,0.11069996980950236,False
963,warden,963,status::the_audit_log_feature::26,refinement,refinement,merge,False,5,6,0.09209994459524751,False
964,warden,964,ship_date::the_onboarding_revamp::27,refinement,refinement,merge,False,19,20,0.14560000272467732,False
965,warden,965,ship_date::the_beta_rollout::24,duplicate,duplicate,drop,False,7,7,0.08189998334273696,False
966,warden,966,ship_date::the_data_migration::30,refinement,refinement,merge,False,8,9,0.07760000880807638,False
967,warden,967,status::the_export_tool::17,duplicate,duplicate,drop,False,4,4,0.11190003715455532,False
968,warden,968,ship_date::the_partner_integration::6,refinement,refinement,merge,False,8,9,0.11930003529414535,False
969,warden,969,magnitude::the_budget::1,update,update,apply,False,7,8,24230.591500003356,True
970,warden,970,ship_date::the_data_migration::30,duplicate,duplicate,drop,False,9,9,0.14439999358728528,False
971,warden,971,status::the_dark_mode_rollout::29,refinement,refinement,merge,False,4,5,0.12459995923563838,False
972,warden,972,magnitude::the_support_queue::10,refinement,refinement,merge,False,3,4,0.11770002311095595,False
973,warden,973,ship_date::the_partner_integration::39,refinement,duplicate,drop,True,12,12,0.17770001431927085,False
974,warden,974,status::the_offline_mode::35,refinement,refinement,merge,False,4,5,0.14519999967887998,False
975,warden,975,status::the_offline_mode::35,update,contradiction,blocked,True,5,5,0.12320000678300858,False
976,warden,976,magnitude::the_support_queue::10,update,contradiction,blocked,False,4,4,0.13270002091303468,False
977,warden,977,magnitude::the_storage_quota::22,refinement,refinement,merge,False,10,11,0.09710004087537527,False
978,warden,978,status::the_offline_mode::38,refinement,duplicate,drop,False,2,2,0.10659999679774046,False
979,warden,979,magnitude::the_headcount_plan::16,refinement,refinement,merge,False,8,9,0.11179997818544507,False
980,warden,980,magnitude::the_storage_quota::22,contradiction,contradiction,blocked,True,11,11,0.07040001219138503,False
981,warden,981,ship_date::the_onboarding_revamp::27,duplicate,duplicate,drop,False,20,20,0.15750003512948751,False
982,warden,982,ship_date::the_onboarding_revamp::27,duplicate,duplicate,drop,False,20,20,0.10619999375194311,False
983,warden,983,magnitude::the_infra_budget::34,contradiction,contradiction,blocked,True,7,7,0.05760003114119172,False
984,warden,984,magnitude::the_storage_quota::22,refinement,refinement,merge,False,11,12,0.0942000187933445,False
985,warden,985,status::the_offline_mode::2,refinement,refinement,merge,False,4,5,0.14249997911974788,False
986,warden,986,magnitude::the_headcount_plan::28,duplicate,duplicate,drop,False,10,10,0.11960003757849336,False
987,warden,987,status::the_dark_mode_rollout::5,contradiction,contradiction,blocked,True,6,6,0.11630001245066524,False
988,warden,988,ship_date::the_data_migration::30,update,contradiction,blocked,False,9,9,0.11520000407472253,False
989,warden,989,status::the_offline_mode::38,contradiction,update,apply,True,2,3,1068.2158999843523,True
990,warden,990,magnitude::the_storage_quota::31,update,contradiction,blocked,False,19,19,0.22520002676174045,False
991,warden,991,magnitude::the_support_queue::10,duplicate,duplicate,drop,False,4,4,0.10639999527484179,False
992,warden,992,status::Feature_X::8,contradiction,contradiction,blocked,True,6,6,0.12039998546242714,False
993,warden,993,status::the_referral_program::11,contradiction,contradiction,blocked,True,3,3,0.08840003283694386,False
994,warden,994,status::the_referral_program::11,duplicate,duplicate,drop,False,3,3,0.07960002403706312,False
995,warden,995,magnitude::the_headcount_plan::28,duplicate,duplicate,drop,False,10,10,0.1181000261567533,False
996,warden,996,magnitude::the_budget::1,update,contradiction,blocked,False,8,8,0.10870001278817654,False
997,warden,997,magnitude::the_storage_quota::19,update,contradiction,blocked,False,6,6,0.14890002785250545,False
998,warden,998,status::Feature_X::8,refinement,refinement,merge,False,6,7,0.1406000228598714,False
999,warden,999,magnitude::the_headcount_plan::16,update,contradiction,blocked,False,9,9,0.1170000177808106,False
1000,warden,1000,ship_date::the_onboarding_revamp::21,duplicate,duplicate,drop,False,15,15,0.07369997911155224,False
1001,warden,1001,magnitude::the_headcount_plan::16,contradiction,update,apply,True,9,10,16632.173700025305,True
1002,warden,1002,status::the_dark_mode_rollout::5,update,duplicate,drop,False,6,6,0.17260003369301558,False
1003,warden,1003,ship_date::the_onboarding_revamp::27,refinement,refinement,merge,False,20,21,0.1846000086516142,False
1004,warden,1004,ship_date::the_vendor_contract_renewal::18,duplicate,duplicate,drop,False,5,5,0.1838000025600195,False
1005,warden,1005,status::the_dark_mode_rollout::5,duplicate,contradiction,blocked,False,6,6,0.16330002108588815,False
1006,warden,1006,ship_date::the_vendor_contract_renewal::9,update,update,apply,False,4,5,1201.6708999872208,True
1007,warden,1007,ship_date::the_beta_rollout::12,contradiction,contradiction,blocked,True,9,9,0.3457000129856169,False
1008,warden,1008,ship_date::the_onboarding_revamp::21,update,update,apply,False,15,16,11224.800099967979,True
1009,warden,1009,ship_date::the_onboarding_revamp::27,update,contradiction,blocked,False,21,21,0.2858999650925398,False
1010,warden,1010,magnitude::the_headcount_plan::16,contradiction,contradiction,blocked,True,10,10,0.12390001211315393,False
1011,warden,1011,ship_date::the_partner_integration::15,duplicate,duplicate,drop,False,9,9,0.23060000967234373,False
1012,warden,1012,status::the_referral_program::11,contradiction,contradiction,blocked,True,3,3,0.11239998275414109,False
1013,warden,1013,status::the_dark_mode_rollout::32,duplicate,duplicate,drop,False,3,3,0.17100002150982618,False
1014,warden,1014,ship_date::the_beta_rollout::12,refinement,duplicate,drop,True,9,9,0.15009997878223658,False
1015,warden,1015,ship_date::the_partner_integration::39,duplicate,duplicate,drop,False,12,12,0.172999978531152,False
1016,warden,1016,status::the_dark_mode_rollout::29,refinement,duplicate,drop,False,5,5,0.13599998783320189,False
1017,warden,1017,magnitude::the_storage_quota::19,refinement,refinement,merge,False,6,7,0.12609997065737844,False
1018,warden,1018,status::the_dark_mode_rollout::5,refinement,duplicate,drop,True,6,6,0.2539000124670565,False
1019,warden,1019,status::the_dark_mode_rollout::32,duplicate,contradiction,blocked,False,3,3,0.1249000197276473,False
1020,warden,1020,status::Feature_X::8,duplicate,duplicate,drop,False,7,7,0.10820000898092985,False
1021,warden,1021,status::Feature_X::8,contradiction,contradiction,blocked,True,7,7,0.08530000923201442,False
1022,warden,1022,magnitude::the_budget::13,duplicate,duplicate,drop,False,5,5,0.10510004358366132,False
1023,warden,1023,status::the_offline_mode::23,duplicate,duplicate,drop,False,3,3,0.07780001033097506,False
1024,warden,1024,magnitude::the_storage_quota::31,update,contradiction,blocked,False,19,19,0.17309997929260135,False
1025,warden,1025,ship_date::the_partner_integration::15,duplicate,duplicate,drop,False,9,9,0.22330001229420304,False
1026,warden,1026,ship_date::the_onboarding_revamp::27,refinement,refinement,merge,False,21,22,0.14890002785250545,False
1027,warden,1027,magnitude::the_infra_budget::34,update,contradiction,blocked,False,7,7,0.11490000179037452,False
1028,warden,1028,status::the_referral_program::11,update,contradiction,blocked,True,3,3,0.09270000737160444,False
1029,warden,1029,ship_date::the_partner_integration::15,duplicate,duplicate,drop,False,9,9,0.23120001424103975,False
1030,warden,1030,magnitude::the_marketing_spend::4,duplicate,duplicate,drop,False,9,9,0.14219997683539987,False
1031,warden,1031,ship_date::the_data_migration::33,refinement,refinement,merge,False,15,16,0.2172000240534544,False
1032,warden,1032,magnitude::the_storage_quota::19,duplicate,duplicate,drop,False,7,7,0.11020002420991659,False
1033,warden,1033,ship_date::the_beta_rollout::12,contradiction,contradiction,blocked,True,9,9,1064.7935000015423,True
1034,warden,1034,magnitude::the_budget::1,refinement,duplicate,drop,True,8,8,0.20139996195212007,False
1035,warden,1035,status::the_dark_mode_rollout::5,contradiction,duplicate,drop,True,6,6,0.1813999842852354,False
1036,warden,1036,ship_date::the_onboarding_revamp::3,duplicate,update,apply,False,3,4,6489.227099984419,True
1037,warden,1037,ship_date::the_beta_rollout::24,update,contradiction,blocked,False,7,7,0.14349998673424125,False
1038,warden,1038,ship_date::the_API_migration::0,duplicate,duplicate,drop,False,18,18,0.21620001643896103,False
1039,warden,1039,ship_date::the_onboarding_revamp::21,update,update,apply,False,16,17,25522.079699963797,True
